ID,class
MTA5MTEwOTYxMzM0NzA2NDEzNzM=,0
MTY0OTUyMTM2MDExMjg3MjczMjU=,0
MTQ0ODU1OTEzOTU1NTAyNzI4NjE=,0
MTY1ODg1MzEwNzYzNDUzMDUwNTM=,0
MTY0NTg2OTA5MTkzOTE2MTc1MTc=,0
MTkwNTk1MzkyNzkwNjQ3MDUyNQ==,0
MTU4NzAwMDQyODIwMTM2MDEyMjk=,0
ODY5MDY1ODA4Njk5MjAwODI5,0
MjA2MzcwMzk1Mzg2MTQ0NDMwMQ==,0
NjcwNDcxODcwMTUxODQxNDE=,0
Mjg4NzMxMDI1MDUxMTAxMTYxMw==,0
MTY4NDUyMDE5NjY5MDUwMTU5ODE=,0
MTM2ODgwNTEwMTU3MzI3ODI0OTM=,0
MTc2MDE5MTQ1MjQ0ODMwMTcwODU=,0
MTM5NzE0MzUxNjY3NTUyMTM3Mw==,0
MTIxMDE4NTc4MTQ3NTUxNDIwMjk=,0
MTgzOTc3MjQ3NTQ5NTk2Njc0Mzc=,0
NzY2ODA1NTgwMTE1ODI3NjMxNw==,0
NTA2NzA0ODgyODg0MjA5NTYyOQ==,0
MTAyMjQzMzc4NzIxOTk4ODQ3NjU=,0
NTEzMzg0MTk1OTcyNDc1MDg2MQ==,0
MTYzNjYyNDk1NDY1NzA3NzkwNjk=,0
OTQ3NTk3NTIxMDg4MDU2NjcxNw==,0
MjgzOTY1MDc1MTA2ODM4ODQyOQ==,0
MTY0MTMyNDMxNTM1MzcxMzU5ODE=,0
MzMyMDEwNTk5NDEyNDk4MzI0NQ==,0
NjI3ODM5MjEyNTk0MDE2NTU3,0
NzQ3MjY0Njc0NzYwNTI4OTMwOQ==,0
MTE4MjA0MzA5NDAwNDYxMzMzMjU=,0
NjI5NzQyMTEwMTYwMTI2NjE0MQ==,0
MTY2OTA1OTk0OTc5OTI5ODAxNzM=,0
Mzc4NDYzMzY0Nzg3NDE3NzcyNQ==,0
MTEyMjg0NjU3Njg1NzAwMTY0Nzc=,0
NjA5NjM5NjA4NTIzNzA3NjE0MQ==,0
MTMzMzQzMDU0ODI3NDA4NTAxNTc=,0
NjU3MjMzNDc0MDkzMzQ1NzUwMQ==,0
NDA3MDQ4NDEyNDIzMjkwOTA5,0
MTU1MTU5MzQ3Mzg1Njc4OTYzNjU=,0
MjM0ODgxNjYxNzY4MzE4NTU3,0
MTUyODQ0NDE1NzcyMDk1MjEz,0
MTUyMjE0MTkwMDU0Nzg2MDcwMjE=,0
MjQ2MDYwOTM3MjEzNzUwODU4OQ==,0
MTQ3MzE0ODQyNTAwMjU3NTU4MDU=,0
NDA0ODc2NjM2ODI5OTcyNDE3Mw==,0
MTQzOTcyNjUyODk0ODM0ODAwNjE=,0
MTUwMDMwNjc3NDc3MDAzMTU5OTc=,0
MjcwMTk3NjA4NzU0ODUzMDYwNQ==,0
MTYzNzE5NjY3MzM1Mjc1Mjg1NzM=,0
NTY0NzIyMjc2OTU4MjIzOTQ2OQ==,0
MTQxNzg4NzU2MTc3MTM2NzgwMTM=,0
MTI3ODQ1MDIzODg1NjAwMzA5NTc=,0
MTQxMjUxNjM5OTEwMTkxNDIzNDk=,0
OTMyMjg2MTQxMzMyNzgxMDgyOQ==,0
MTIxNzIzMjA0OTgyMzQ3NDcwMDU=,0
MTMxNTI5MjE4NjQ4ODE4NzU3NzM=,0
MTY3NDU2OTkyMjUwNzQzOTc=,0
MTY5NzA2NTk3OTM5ODgwODkz,0
MTM3MzAyMjAxMDQxOTA3OTQ1NDE=,0
NDUyNjk0MTUwMTI3NDcxMDYwNQ==,0
MTY3MjUxNDkzMTMwNjQyOTU1MzM=,0
NjY0MzE0ODkyNDQzMzkyMTg1Mw==,0
NDQ5NTQ0NzM2ODY0NzM0Mjk4OQ==,0
MTE3NDg4MTYyNDE4Mzk0NjcyMjk=,0
OTQ5NjI3NTE1MDgxMTIxNTAyMQ==,0
MzYxODU1MTY1ODExODc5MzEwMQ==,0
MzE0MTYwOTk3MzE0NTYzNTkzMw==,0
MTU0NTQ3Mzk5MDc0MDY0MTg0NDU=,0
Mjc1OTUxNjk2OTU4ODk2MjMxNw==,0
Njc2NTE2ODEyMTI5NDUwNjEyNQ==,0
MTc2MDE0MzU2ODQ3OTI3MTM1Nw==,0
MTc5MDU0MDIyNzQzNTQwNDU5NDk=,0
MTcwNDgxNTI3MDc2MTM0NDQyMzc=,0
NDE1MDY5NDk0NDQyNjIzMTU2NQ==,0
MTM2NTM3MTUzOTc3MTQwMDAwNzc=,0
ODI2Nzk0MTAzMzI5Mjk3NTI0NQ==,0
MTM4OTU0MDYxMjM2NDgxMjMwNjk=,0
MTYyMDMzMzExMjcwNjg5OTMyMjk=,0
MTU4ODM1ODA1NzI1Mzk3NDQyODU=,0
OTU1ODc5Njc1MTE3OTQwNjk3Mw==,0
MjM5OTE4MDk2MjYzMjE2Nzk2NQ==,0
NjAzNTMyMDM1ODE3NjMwOTU3,0
MjcxOTk4NjE1NzEwNzc4NzkwMQ==,0
NjE4MDQzOTg2NjUzNjk5OTUwMQ==,0
NzQyNzA2Njk3MjczNTkyMTE2NQ==,0
MTQxMzkxODE4NzI0NDk3MjUwNTM=,0
MTc5MjA0OTY5MTY0MjkzNzU2MTM=,0
MTQ4OTYyNTE0MjkwOTM2MTQxNDE=,0
MTY4NzExNjQ4NzE4NjY1MTMxNjU=,0
NjEzMjE4MTU0NTYwODIzNjg5Mw==,0
MTA3NTA2Njk5NjgzNzM5MDYyMDU=,0
MTU3ODIxODA5ODk1ODQyNDE4OQ==,0
MTc5ODg0NDAwMDM2NTE4Mjg4OTM=,0
NzY1OTU0MTYwMzM0Mzc0ODQ1,0
ODg3NTcxNzczMTA3ODQyNzgzNw==,0
NjEyMDE1OTIxMDg1MzU0MDg5Mw==,0
MTAyNzgwMjkyMjQyMjk0MDIzNw==,0
MTY2MDc5MTE1NTIzNzI4MTQyMjE=,0
MTU2OTY3MjA0MjY3NTIwOTg4Mjk=,0
MTgzNjU0NzM4MDkwMTk1NTE3MDk=,0
OTg2MDcxNjE4MjExNzYxOTY3Nw==,0
MTIyNzUwNzk2MTU5NDg2OTQ0Mjk=,0
MTU4NDM2NTAzNjI4MjkzOTAzNDk=,0
MjQ4OTU4MTYzOTUzODM3MTE0OQ==,0
NjM2NzI2NjU0NDc1MjAxODE1Nw==,0
NDE1NTM0MzgxOTkwODcxMjE3Mw==,0
NDYzMzQyNDExNzUwMTcwMTIyOQ==,0
MTIxMzUyNjI2OTM1NTg0OTUxOTc=,0
MTQ5NzQyNjcxMzU5OTk1NTY5NTc=,0
NDk1NTY4ODc3Nzc0MDg5NzkwMQ==,0
MTc5MzEwNDk3NTM4MjA0Mzc4MjE=,0
MTYxMjU5NzM0MDc3MDgyODgyODU=,0
NTk2NzA5MzE3MDI5Nzg2MTcyNQ==,0
Mzc0Nzg5Mjc3ODQxNTc4MTIxMw==,0
NTA5OTA4NTQzNjUxNjE3NTU5Nw==,0
MTQ0Njg1MDMxOTQ1ODI2NDQzNDk=,0
NzExNDc4NjE1MzIxNTE2MDE0MQ==,0
OTgxNDkyNzk4NDEwMzU5NTEzMw==,0
OTc2ODk3ODI5MzYwNjY1ODk0MQ==,0
MTA5MjA3NzAyNTUyNTQ4NzgzMTc=,0
MTEwOTEwMTM4MjYzMjY3MTU3MjU=,0
ODUzNDQ3NTk4MjM3NjA0NDE0MQ==,0
MTAxNTc1Mjc3NjU5MTgwNTg4NjE=,0
MTM0NTQ5NDcwNTc3NTMyOTY2NTM=,0
MTg0MjExMjUwNDExNzg1MzY1NDE=,0
MTcxNjAxODczMDc5ODQxNTgyNTM=,0
NDk3NjY0MTk2NzM3OTA2NDU3Mw==,0
NjE4Nzc1NTk0OTU2MTk3ODUz,0
NzAwMDQ3MTg1NTQyMDg3NzMyNQ==,0
MjE5MDI2OTkwODE0NDEzNTMyNQ==,0
MTIzMjUzMTM3MDgxMTU2MTc4OQ==,0
NTU5NzYwNTQ1MDA0OTgyNDc2NQ==,0
Mzk1NTMxMDY5NzU0NjI5Mzk4MQ==,0
NjU0MDg3NDU1MTY4MjkzNDA3Nw==,0
MTc3MTY2NDkzMTc5NjUxMzgwMjk=,0
OTI3Mjk2MTI0NjIwODc4NDM0OQ==,0
MTI2OTE5NjIxOTk3NjczNjU2NjE=,0
NjA1OTczNDQ0NjM4NDYwMzE2NQ==,0
ODI3OTgzMTQyNjU5NTU0MDk0MQ==,0
MTYzMzUwMDUzNDEyMzM3MDc0Njk=,0
MTY2NzIzMTIyMTU5NDQ3MjA5ODk=,0
OTk2NjcwNjIxOTAzNTU1ODM5Nw==,0
OTgxNjYyNjQ1NDY4MzIzOTk5Nw==,0
NjI4OTgxMzg1NTMxMzYzOTQ1Mw==,0
MjkwODUxMzIzMzc3NTY3NjE4OQ==,0
ODQ1NjM2OTM0OTg4OTY4MjY5,0
NDk0MDIxNDE4Mzg3NjYxODA3Nw==,0
MTM4MjcxNTA5MTgwODM5MDc1ODE=,0
MjcwMzc1NDIwNDY4MDMzOTE2NQ==,0
NjY3MDE3MDgxNjQwNDYwMjg1,0
Nzc2OTIwNTUxMjc4MDQ1ODk0MQ==,0
MTY5MjIwNDMzMjk4MzE1MDk4MjE=,0
MTU2MjMyMDI5NTY3Mzc4Njk2NDU=,0
MTA3MDE2ODkwNTk4NzEyNjE0Mzc=,0
OTg4MTQyMTM2Mzc2MzcxMzA1Mw==,0
NjU2NDYyMzQ1MzAwNDkxMzg1Mw==,0
NjExNjgxMTY3Nzc0OTUwODgxMw==,0
Mzc2NzIxMDUwOTYzMzIxNzQwNQ==,0
MTI0MzM1NTYxNDI4NTY4NTU1OTc=,0
MjU0ODU3MjcwNjIyODgyMTc4OQ==,0
MTA2Mjk3MjcyNjA0OTk1MDI0Mjk=,0
NTQyMjEwMjkxNTI0MzA5ODUyNQ==,0
OTMxMjA4MDg0MjA3NzA2NDY4NQ==,0
ODk1ODU0Mjk3NzI3MTg3OTk2NQ==,0
MTgzNDcxMDMxNzAxMDM1ODc4MDU=,0
NTk4ODM2OTgyNTAwNTIwNzE3,0
MTE4MTU5NjQzNzg3NjE0MjUwMjE=,0
MTY4NDg0MzgxMDQxMDI0NjQ3NDk=,0
MTMwMDMyNTg5NTQzOTU4NTIyNTM=,0
MTE0OTY0MTk4NDM2NDI2NzgxODk=,0
MTA2MzUyODkzNDQ2NzQzNTczMjU=,0
ODI0MjU3NTU3NDgxNzc3NDU0MQ==,0
MTE0NzE4NDk5NTE0MjY4MTczNDE=,0
MjI5Njk5NDYyMDU5MTA4OTk2NQ==,0
MTYxNTAwODEwMjMyMzU1MzI3NjU=,0
MTAyNTAwNDA0Njk1NjIzNjE1OTc=,0
MTYxNzI5MDU1MjM4MzQxMTQzNw==,0
MTY5MDA0MjMzNTQ4OTI4MDM4Mzc=,0
Mzc4MDMwOTQ3NTgyMzAwMTEzMw==,0
NTI3NTk3MjExNTU5NjQ4ODMwMQ==,0
NTEzNzc2MjEzMjU2MDI3NjAxMw==,0
ODUyOTA3NzY1NDM2MjIzNDI4NQ==,0
MjAyMjkzMTEwODM1NDg3NTM1Nw==,0
MTI4MTE2OTY2Nzk5OTg2OTY2Mzc=,0
Nzg4ODg2MDEzODAwNjI0NDM0OQ==,0
ODcxNDE5MjgwNDI3MjYxNDg5Mw==,0
OTg5NzMxMzk3Nzg2MDM1Nzk4MQ==,0
MTAxNTMzMzU4MDkxNzUyODE2Mjk=,0
MTMzOTcxODIwMTQyMjIzODEwNjk=,0
MTE1ODIzOTA0NTM5ODkxNzY2Mzc=,0
MTU2NDkwNTIyNjYzNDUwMzM0Mzc=,0
NDI1MTcwMTEwMTI5MTk5OTgzNw==,0
MTQwNzAwNjAxMTI5MDk5ODM3MDk=,0
MTQyOTUxODQyNzU3Mjg3NDc5Nw==,0
NzI4ODgyMTkzOTYzNDM5MzAwNQ==,0
MTY2NzU3NDI1NTA5MzExODg5ODk=,0
MzQxNjU0MzgxODEwMzg5NjA2MQ==,0
MjQzNzM4MjY3MTc5ODk1OTk2NQ==,0
MzI2Nzk0MjM0NTg2OTM4NjQyOQ==,0
Mjg5NzgwODczMjQxOTE1NzM1Nw==,0
MTE4NjU2NDY4NDU3Njg0NjU4Mzc=,0
Mzg1OTAzNjUwMDM2NTc4MDQxMw==,0
MTc4ODkzNzM1MjM5MDg5OTc5MzM=,0
MTQ0MzY2MTg3MzMyMDIzOTY4NjE=,0
NDQwNjU1NzI4MjcyNTE4NjU1Nw==,0
MTc1OTgzOTI5MjU0MTYzNDc2MTM=,0
MTgwMjQzMjU3MjY5Mjc4MzI4OTM=,0
MTAwODQ4NDIxNDUwNzA3OTIxODk=,0
MzUwNTExMzgwODA0MDA4MjIyMQ==,0
MTI0NzU1OTY1OTE1ODQzOTY0MTM=,0
NjU2NDE2NjYwODA3MzI4Njk3Mw==,0
MTY2OTQzMzQxMjY0ODk5NDY0MTM=,0
MjE2MjU2NjEyODIwMDc5Njk3Mw==,0
MTEwMTk5Njk5ODAwNzg0ODUzMjU=,0
MTY0NzkxNTM3MjE1MDEyNzg4NDU=,0
MTczODA2OTk3Nzc1NTY3MjYyMQ==,0
NDEyNDEyNTA0MTQ3MTIxNjAyOQ==,0
Nzk1MDQzNzUzMTk0MjUzOTcyNQ==,0
MjY2MDQzMjYyNDc1OTgwNTcyNQ==,0
NjA3NTAxNjU1ODU0MTAwMDk4OQ==,0
NjUxODExMTU2OTQzNTk0NDEwOQ==,0
NDU0MzU3MTIwMzE0MjYxMzY3Nw==,0
MTQ5NTI5OTUxNjEzNzc0MjE3MjU=,0
ODY1MjA4NTI0MTI4ODQwNTM1Nw==,0
OTY4MjYxNTA5MjA0OTYyMzUxNw==,0
MTE2MDEwMjQxNDYwNzMwNDMxNw==,0
NDMxMzQ1NTE3MTE3MjQxMjc2NQ==,0
NDcwNTQwNjI1ODI3OTQ1NzgwNQ==,0
MTU4NzM5OTU5OTAwNDA3ODM4MDU=,0
NjE4NjE0MTUxOTM1Njg4MDMwMQ==,0
NjIwODYyMDc2MjQ1NzQ2Nzc1Nw==,0
MTI4MTkxNjQxNTAyNjM3MjEzNzM=,0
NzU4MDMzNTI1MDcyMTcwMTE4MQ==,0
NTI2ODc5MTQ4MDAzNDEzMDYwNQ==,0
ODI5ODAyMzE4NjgyMDg0ODg2MQ==,0
MzQ3NjM5ODEzOTAwOTAyMzM0MQ==,0
NzkzNjYxMjk2MDg5NzYwMzExNw==,0
MTQ1ODgxMDI5ODQzMDc5MTMyNDU=,0
MTM5MDkxNTc5OTQxNTA0MjMyOTM=,0
MjM1MDE0MDIwMTYwODU2MjE4OQ==,0
Mzc1ODI1Mjg1OTQyNDk2MTI5Mw==,0
MTE0MjgxODI5ODQzMjkzNjY0Mjk=,0
MTY0NDc0NjU3MzAwMzEyOTA3OTc=,0
MTgzNjg3ODE4OTQwNjI0NjExMzM=,0
MzE2MDkzODQ5NTMzOTc2MDA3Nw==,0
MTQwNTc4NTYyMTg4Mzk4MTk4Mzc=,0
NzcxNTcwNTk1NTM5OTYxNDgyOQ==,0
MTQyMzIzOTA0MjU5MDY3MzM5MzM=,0
NTI2MDk4NDk1MDUyODg2MTg2OQ==,0
MTU4NTY1Nzk0NTAyOTE5NTUzMjU=,0
MTM4MDQ3NDQ0NTE1OTg5NjY0NDU=,0
OTY5NjI0MTg3ODg0NzUxMzcz,0
MTA2MzkyMzUyODc2NjM0MzI5MjU=,0
MjMxOTc1NzM5NjQ1MjQ1MTA4NQ==,0
OTY5NTUyNzI3NjYyMDgyNjczMw==,0
MTA5NzE1OTgxMzU0NjAxOTg5NDE=,0
NjkwMzI4OTM5MDUxODYzNTQ4NQ==,0
MzYxNzUzMjA2OTM4MDY5MjE1Nw==,0
MTgwOTEwMDY3MDU5NDM0NTkxMzM=,0
MTU0NTgxODEyMzg2MTY0NDQ1ODk=,0
OTUyNTkwNzg4MzI5NzQ5MjI4NQ==,0
MTY0ODEwNjk5NjQ3OTA5MTExODE=,0
NTM1NzUwMjY4OTQ5MDc4NDA3Nw==,0
Nzg1NTgzNzA2MTcyNDYzMzA2OQ==,0
MjYwODMwMzQxMzcyMDc0NzAx,0
MjA4OTI1NTI5OTkxMjQwNzkwMQ==,0
MTAxNzMzMDE5Nzg0NTA0MjM0ODU=,0
MTEyMTcxNTY2MDQ0NTU4OTUwMzc=,0
NDQ0OTU0NTI5ODQxMTM4NzI5Mw==,0
ODcxMjMzODY4NTY5MDMwMTg1Mw==,0
Njk1NDIyNzU2NDIwOTgwNDI1Mw==,0
MTgyMTUwMDEzODI3MzM1MjQ5MjU=,0
NDIwODMzNzgwNzU5ODAzOTk4MQ==,0
MTMwMjEwMjY4NTgzMTgzOTM3NzM=,0
MTc5OTgzMjE0NDkzMjQ1NTcxODE=,0
NzE5NjYyMTk4MjkzNjU5NTM0MQ==,0
NDQ2NDEzNjQzNzU1Mzk3MDQ3Nw==,0
NDcyOTQ5NTU5NzE0NjQ2NzA1Mw==,0
NDg5ODk4MzY2NDgyNTUzMjI2OQ==,0
MzIxNzM3NzQ1NDk3ODUyNTI0NQ==,0
MTExNDUwNzE3OTcxNzU0NjA5MjU=,0
NzY1MTIwNDg5MzI3NTA0NzI0NQ==,0
MTc1MTc0MjQ3NDk5NDM4MTgzNjU=,0
MzQ4ODkzMzk0MzI4MzgyMTk5Nw==,0
MTQ1Mjg2MjcxNzM3ODQ3MDMwMjE=,0
MjE2NDk1MjQxNTMxNDYyMjI2OQ==,0
MTcwOTQ4NTAzNDA4OTE2MDQ2ODU=,0
ODY5NzgyMTY5NTkzMzc2MzkwMQ==,0
ODU3MTcyNzM2Nzk2MTgwOTI0NQ==,0
MTQ5MDYyOTUzMjg1ODY1MjUwMjE=,0
MTY4MjUwNDQ4MjM2MjkzNjYyMzc=,0
NDI4MzkwNzY1MjkwNTE3ODE4OQ==,0
MTg5MDQzOTc0OTIwMDkzNDgyOQ==,0
MTUzNTgyOTkwNjA2NTE3MTMxMTc=,0
MzAwNzUyNjMxNjE0NTIwNTY5Mw==,0
MTI2NjkyNDc4MDEwNTgyMjQ3MDE=,0
MTE5MTkyNjIxOTM4MDEyMDI4OTM=,0
MTY5MDc4NTA0ODY1MTIwOTc1ODE=,0
NTc0NDU5MDkxMjQ2Mzg0MDg5Mw==,0
ODU2MDM0MDk2MDkwMzgyNjIzNw==,0
MjQzODA1Mzc4MzM0NjUxODE0MQ==,0
Mjk1MzA5NTY3ODQ2OTcxMzU2NQ==,0
NTM4MDQyNzM3MTc5NzY3Mjk0MQ==,0
MTQ1MTA5NDQwNzAwOTk3OTczMDk=,0
NjQ0MjY3NzAzMjgyMDc1ODg3Nw==,0
MjI0NDE4NDk0MTEyMjEzMzMyNQ==,0
ODYzNjQwOTY0Mjg3NDIxNjkwOQ==,0
MTQxNTcyOTM0Mzk3NTkwMzE1ODE=,0
OTYyNjU0MDQ3ODIzMjQwNDM2NQ==,0
NzAzNjE5MTg5NTY2MzAwMDUwOQ==,0
MjI4MTMxNjEzNTEyMjE4OTIyOQ==,0
MTAxMjU3MzI1NzAwMTMyNzYzODE=,0
MTcxMTA1MzExNjQ4MjgyNjE0MjE=,0
NDE1NTg2OTE3ODM4NjY5ODM2NQ==,0
MzAzMTU0NjM4NDQxNTI0OTY5Mw==,0
NTQxMTk1NjQxODY5NTYyMzAyMQ==,0
MTIzMDExOTE1NzQ3ODA5MzYzMzM=,0
MTI5MzYzNDg3OTE1MjM0OTU1MzM=,0
MTE5MjMwNDk4MDE2NTI5MDA3MDE=,0
MTgyODYxNjI1MzA0OTA4ODAxNzM=,0
MTE5NDU2OTIwNDcwNzQ1MzkxMDE=,0
MTA0MDA2MjA2Njg5OTYzMjU1Nw==,0
MTcyMzEyMzkyNjI0NTM1NDk1MTc=,0
NzQzMDIzMTU1NTIwMjMxMDA1,0
MTU0MDUxNjEyNzc2ODg4NTk3ODk=,0
MTcyNzAyMTI4MjYwMTY3MTU1MzM=,0
MzUzMTE1ODQyMjIyNzQ1NTM4OQ==,0
NDcwNTQzMDk5NjU5ODk5MzAzNw==,0
NTM4NTM2MTAxOTM4NDUxNTE0OQ==,0
MjQ3NjI4NDkwNTQwMjc4NjE3Mw==,0
NjY4MTk2NzU5Njk2NTMzNzgyMQ==,0
MzMwMDE1MDYxNTgzOTExMjk1Nw==,0
NzcxMTgyNDQ3MjM0OTQ4MTIxMw==,0
NjE4NzI1NTI1Nzk0NjMxNjcwMQ==,0
MTQ3ODkzOTUxMTQwNjEyMzcyNDU=,0
MTAyODkxOTg0MDg4NTAwNDAzNjU=,0
MTE3OTg3NzI2MjE2MTg3NDk2Nzc=,0
OTk0NDA4ODA5NzAzNTkwNTU4MQ==,0
NTcyNjgwNTgzMjA2ODQ4NjU0MQ==,0
MTE2ODgyNDYwMDQ0NzE1NjAzOTc=,0
NjU3Mzk1MjYwMjU1NjI1NzAzNw==,0
MjQ5MzMwMjE4Mzg0MDc3ODIwNQ==,0
NjU1NzU2MzM1MTI1ODcwMTc4OQ==,0
NzIyNzA1NTU2OTA2OTIzMjk1Nw==,0
MTU4NTczOTY4Njk5NTMzNDYzNDk=,0
MTIyOTQxNTQxNTA3NDYzMTUyNzc=,0
MzAxNTI1NDM3MDg5MTc4MjU1Nw==,0
MjUzNTAwOTgyMTAxMjQ1NDI2OQ==,0
MTYyNjI0NTk3MDI4MTk4MzA3MDE=,0
MTQ4MjA3OTM4MDA5NDA3MjUyOTM=,0
MTYzODg2MTAzODE1OTU0MjgxNzM=,0
MzczNDQ3MjEzODE2Nzk3MTY3Nw==,0
NzQxOTcxMzMwMTAzNTY0MjU0MQ==,0
OTAxMTAzMTY3MTE0MTEzNjI2OQ==,0
MTEyMzQyODQzODM4MjQ1NDk1OTc=,0
MTEzNzUwMTIxMTMzMjQ2Nzc1NjU=,0
MTM4MTYzMDEyNzk0Njc2Mjc5ODE=,0
Mzk5OTk1NjE2Mzk5OTg4MTY0NQ==,0
MTQ0NTYwMzE5ODcxNzM4MTkzODk=,0
OTEyMDc0MDM5MDcwMDQ2MzM3Mw==,0
MTIxODgwMjAwODEyMTIzMzA4NjE=,0
MTQ5MDI1NDExODUyMDk3ODI0NjE=,0
MjY4OTE1MjYyMjA2NzkzMzE5Nw==,0
MTQzNTA2NDg0NjExOTYzOTk2NQ==,0
NzcyNjEzMzUxNjkwODgzODY1Mw==,0
NTc0MTg5ODQxNjg1OTYyMzQwNQ==,0
MTY1MDk5NDMxMzkyMTU5OTQwNjE=,0
OTcyMTk5MTgzMzY2NjgzMDg2MQ==,0
MTI1NTM2MjMwMjA4OTU1NjY5NDE=,0
ODE4NzYxMjk4MDI4MTM2OTQzNw==,0
NjAwNTQwNzc4Mzk5Mjk2OTg2OQ==,0
ODk4ODI3MzM1OTMyNjI1MDYyMQ==,0
NzkxOTM3Mjc1NDg3MjgwNDc0OQ==,0
NjUyNjE4MDg4MjgyNjIxMjc4MQ==,0
ODU2NjYzMzIxMTQyODA1ODIx,0
NjE1NTI3MzYyNzA5NTE2MjY4NQ==,0
MTIyOTQ4MDE0ODYzODczMTcxOTc=,0
MTgwNDU0NjgyMzIxMjQ1MDk3NTc=,0
MTEyNzQzMzYxNTQ3NTE1NzgyMzc=,0
NzAwNTY4NjIxOTQ1MTg2MTUwMQ==,0
MTQ0NTEyMjg2OTk3NTQzNDM1OTc=,0
MjYxMDU3NzA1Mjk4MDYwNTgyMQ==,0
MTczNTg3MTk0NTczNDIwODY0Mjk=,0
NzQwNDc2MjU1NTc5NDQyNjcwMQ==,0
MTY5MjQ0NjYyNDEwNjAyMTQ4MTM=,0
MTM2NjE3NjY3MDkyOTIzMTkwMjE=,0
MTkwODQwMDQ3OTE5NDgzMjA5Mw==,0
NzQ3Njk4NTk3MDQwNzgwNTQwNQ==,0
MTczMjE4NTU2NTA0ODY1MDc2OTM=,0
NjY4MjIxMjU3ODk0NTk0ODU4OQ==,0
NjEyMTI2NDQ5MzgzNDM0NjU4OQ==,0
NDk2ODI2ODg0MDUwODIxODM0OQ==,0
MTAzNDc4MjY3NzE4NzI0OTI2Mzc=,0
MTUzNTI2NjgyNTU2MTU5NTk4NTM=,0
MjE4MjM5ODg0NjA5OTcxMTQ2OQ==,0
NDU2MjcxNTE0NTM0MDYzNjYwNQ==,0
MzY5MjE5MDk3MDU3NTM2NDMxNw==,0
MTc2MjA4MTc2MDM0Mzc3ODc4Mzc=,0
NTY5MzUzMDIxMTk1OTU0MTEzMw==,0
NDQwODAxOTE0ODgyMzI4NDc0OQ==,0
NDM0Mjg3NTk3NDQzMDM2NTgwNQ==,0
MTQ4ODcxOTY4MTE0OTA0MDIxNDE=,0
MTE0OTczOTExMjM1MTI2MDU1MTc=,0
MTUwMjAwMTQ4NjI3MjMyOTMzNTc=,0
NjgwMDI0NDA1MTg4MzkyMDA0NQ==,0
NDE1MDI5OTMzMDM3MjkyNjM5Nw==,0
NjI1NjkzODg2NjMyNDg1MjU0MQ==,0
MTY1ODk2OTgwNzIyMDEyMDI1Mw==,0
NzM1MDMzNjkzOTI0Nzk5OTMz,0
MjY4MTk1MTQ1MTQ1MDQ3MDUz,0
MzQ2NjIyNTkzNzY1NjM1ODYyMQ==,0
NzQ3OTQ3NTI2NjI0MDE1ODE3Mw==,0
NTEyNDE4ODM4MzYzNDg1Mjg0NQ==,0
MzgwMTk5NTQ4Njc1NTM3NTQyMQ==,0
Nzc4ODQ2MjYzMzQyNzk1NTQ1Mw==,0
MTM2MTYwMDc0NDEwNjMzMDQwMjk=,0
NjI5OTYyNTY4NzIzMTc2NzAyMQ==,0
MTExMTk4NDA4MjA2ODk5OTM1NDk=,0
OTYyOTM1NzQyOTY3MjQ0Njg2MQ==,0
MTQxMDc5NjYzOTE1MjkxMjQ0NjE=,0
MTQxOTkyODMzNzU4NzE2MzU1ODE=,0
NzA0NDY4NTY5MzExNTY4MTYxMw==,0
OTAxODU2NDA3OTc3Nzc1MTk3,0
MTA2ODM1ODk1MTkzOTY3OTY5NDE=,0
MTc4MTEwNjIzMTgxMDQxMDE4Mzc=,0
MTY0MDY1ODI5MzExMTM1OTA0NjE=,0
NTM1NjExNDIxMDkxMzQ5NTY1,0
MTY4ODE1MzY2OTk2MTczNTQyMjE=,0
MTI2Mzg5Mzc3MDM1NDEwNjk4OQ==,0
MTUxNzc3NTY4NDU3MzE5NzYyMzc=,0
NzkwMTU0Njc4NjA5OTcxOTU5Nw==,0
MTA5NDUyMzAwNjAzNTgwNTk4Mzc=,0
MTc4Mjc2MjE3MjA3ODMyMjA5ODk=,0
MTI0MDUwNTkyMjc1NTkyNjkyNQ==,0
MTE3MTQyNTQ0NjkyNDEwMTUzMjU=,0
MjEzNzgwMzEzMjQzODM3OTY1,0
NzQwNTAyMjcyNjUzMzQ4MzQzNw==,0
MTQwNzk0OTAwMDQyMzg0NzkyNDU=,0
MjQ1ODQ1Njk0MjYwOTIwMDAxMw==,0
OTI0NzUzODQwNzMyMzMwMjYzNw==,0
NjM3NTY2OTU2MzY2OTk2MDA0NQ==,0
MjE5NDc3NTY5MjMzOTM3Nzcz,0
MTc5MzE3NDM0NzY4OTAzNjAxNzM=,0
MTcyMzk5Mzc0OTc5Mzc1MTUyMTM=,0
OTg4Mjk2MDk1MTgzMTI4MjAxMw==,0
MTY4MTE3MDIyNTI3MjM3MTU4MDU=,0
NTI0OTMwNzU4NzkyOTU2NDIwNQ==,0
MTM4OTI4MjE4NjIxNDgzNzU0NTM=,0
MTAxODcwMDkzMTQzOTM0NTMxODE=,0
MTQ2Njk3MTg5Nzg2NTYwNTEwNTM=,0
NDEyNzk2NzI4NDc4NTYzNjI5,0
MTYzNjg2MTgxMDExNzM2MjIzMTc=,0
MTExNzk1MzIyMTA4OTcwMzU4NTM=,0
MTYxMjA2NzAwNTE3ODMzNTQ3NDk=,0
Mzg1NDQ2MTU5NjcxMzI4OTM=,0
ODgwMzYwMzQ0MzQwODU3MDQ3Nw==,0
MTA5MTkwNTgyNDUxMjQ5OTM0MQ==,0
MzM1NTc0NTAxNDk2NDU4NzM0MQ==,0
NDgxODU4NjY4NjY3OTIwNDYyMQ==,0
MzE1OTY1NzI4OTE0OTY3Mjg0NQ==,0
MTU2NDk0ODI3OTQ3Njk3NDAxNDE=,0
NTA2OTU0MDg2OTI5NDk2Nzk0OQ==,0
MTU5NzczNTQ0MTM2MTYyOTU2NjE=,0
MTIzOTUyNzY3MTUxNDc0NDc4MDU=,0
NDg4MjQ4OTYxNzk5Njc1ODgyOQ==,0
MzQ1NzQxMTcwMjEyMTM1OTQ1Mw==,0
MTM2OTE2NjIyMjM1MTIwODI2MjE=,0
Njk2MzIyNTQxNjI3MDk0MTUzMw==,0
MTc5MzI5NjQyMTAzMTgyNDYwNjE=,0
MTA0OTQ3MjkwODcwMTEwMDU0Mzc=,0
OTkyNDM0NTYxMDI1NTAxMzk0OQ==,0
MTI0MzY4MjM4OTI1NDAyODE5MDE=,0
NzM4OTgzODU0MDg4NjMwNjQyOQ==,0
MTAxNDE2MjkyNDA4NTg1ODYxMjU=,0
NDQ1MzQyMDMxOTc5OTg2MzI3Nw==,0
MTEwNjM0NzM0NjY3NjQ2ODk5MTc=,0
MTM2ODQ1MjI4ODU3MjIxNjI0NDU=,0
MTM4NjE1NDcyMzIyMzc4NjUyNQ==,0
NDkzMzU5OTU4ODY4NzYwMDc0OQ==,0
NTMyMDUxODIxMDk2MDg1MTQyMQ==,0
MTUwNTA1NjI5MzcwOTU0NjQ4OTM=,0
NjEzNDg4NjA2ODI1NTAzOTAwNQ==,0
NTY5MDYxMDczNDE2MzAzMzkzMw==,0
NzY0ODA0OTI5NjUxOTU3OTQ2OQ==,0
MTA1Njc3MDMzOTY1OTY3NTI1NzM=,0
MTY3Mzg2NTAwMTA1MjU4NzkwMzc=,0
MTc0Mjk5MTA0Mjg2NDgzNDgzOTc=,0
MTY4MzMzOTc2MTAwNzc5MTY4NDU=,0
NTYyODAwNzI4ODkyMTA5OTIxMw==,0
MTM2MjIwNTUwMzY3MTAwNTI5Mw==,0
MTI2Nzc2NzM2MzM1NDEwNDg0NDU=,0
MTUwNTkyODA5NjY1NDk5MDYxMDk=,0
MTI4NjY3ODEyNDg5OTQ5MDIyMQ==,0
MTY5Mzg4Mzk5NDk2NDE1ODQ4Nzc=,0
NDQyNDQ4MzAyOTg4MDg4MTA1Mw==,0
NTUyMTA5MzgwMjA0NTAyODIzNw==,0
MTMzNTI5NzI2NDQ4NjQ5NjM5OTc=,0
OTc1OTg1NDQwOTc3NjkzOTkzMw==,0
NTg5MTUyODI3MzU2NTc0Njc0OQ==,0
MjE5Mjc1NDI1NDMzNjIwMTI0NQ==,0
MzM0ODg4MTg2MzI3ODIxNTUwMQ==,0
MTYwMzg2NzcwNjU0MDM4MzQwNjE=,0
NzM5NTgzMTk3OTA4MDkzMzI0NQ==,0
NTI4ODI3MDE1NTI4NTkyNTIyOQ==,0
MzIzOTYyMjcwNjkxOTkyNjYzNw==,0
MTI2ODU2NzcyNTA5OTM1OTgxNDE=,0
OTU5MDUwMjY4MDQ3MDAwMjk3Mw==,0
MTMzMzE5NjI0OTE4NDkyMDcyMjk=,0
MTg0MjkwNjc5MTMyMTY1MzcxODE=,0
MjU5MDkyMDMzMDAxMjM4OTE5Nw==,0
NDE3NzU2ODExMDE5ODgxNzI5Mw==,0
ODc4NTE0MTY3ODQyMTYwOTE2NQ==,0
Mjc5MTY0NDIwNDM5MTU4NDEz,0
MjAzMzE0ODg2OTUxOTg0MDk4OQ==,0
NDM3NTU1OTI5OTY0NTU3MDQyOQ==,0
MTU2MDE2MDYwNzMzNDMwMjUxNjU=,0
NzY4OTczMzA4NDkyMjI5OTY0NQ==,0
MTAzNTU0MDMxNjM3ODE4NjYzMTc=,0
MTY0MzI2ODM4MjYzNzk3NDQ0MTM=,0
NjkxNjkyMzgxNDA4NTEwMjQ3Nw==,0
MTQzMzUxNTMzMjg3OTUwNzU0NTM=,0
ODM0ODkzOTIzMzM2Njk3MTc3Mw==,0
MTI5Mzc1NDU0MDU5MzM0NTU0ODU=,0
OTQxMTc1OTg4MzIwNjM4NzI2MQ==,0
MTAzNDM4NTUzMzc5NjczNjgyODU=,0
NzM1NDgzNzIzODgzNjQ4MDc2NQ==,0
MzE1NTIwMDYyMzY4MTAyMDA5Mw==,0
MTAzNjg2NzMyNDAzMjcwODQ4Mjk=,0
MTA5NzExMDkzMzI1OTcwNjM4ODU=,0
MTMzNjY4NzAzMzU4MTUyNzE5OTc=,0
MTIyNTAzOTc1NzI4MDU1Mjc0MDU=,0
MTExMzI0ODAzMTk4MTIyNzI0NQ==,0
MTE1NjE2NjIzMTkwNjA1Mjg3Nw==,0
NDQyMTYxOTQyMzc5NTM5MTAyMQ==,0
OTA0MjE4NTM2OTUyNjM1ODg5Mw==,0
MzUxMzc3MTYzODU5MjcyNjYzNw==,0
MTUxMDUyOTE4ODU3MTQ3NTcwMzc=,0
MjIyNzc5NDc5NTkwOTY3NzQ1Mw==,0
MTY3ODQ0NDgzODAyNzU2NzQyNjk=,0
Njc2MTY1MzMyNjk2NTA4MDk4OQ==,0
MTI0NDkyMTQyMjE2MzQ0MTIwNjE=,0
MTk5NDUxNDc3ODk0NTMzNjY2OQ==,0
NDUyNDkwMDQ2NzUwODI1Njg5Mw==,0
MTE5Mjk2ODA4ODc5MjI1OTU3MjU=,0
MzkwNzIxMzExMjE0NjA3MjY2OQ==,0
MTI5Njg0NDA5OTUwOTc3NzAwMTM=,0
MzA2MTIzNjk3NjIwNzMwMTU4MQ==,0
MTA2MTk4OTAwNzUwMTM5NTc0MQ==,0
MTQ4NDc0MjE2MzcxOTQyNDQxNzM=,0
MTU0MDUxNjIxNzA1MTMyNTgyNjk=,0
NDY0OTcwMzE0NjAzMjM3Nzg4NQ==,0
MTgwNjAyNDU4NzQ4NTAwNjA5NzM=,0
MTM0MjUxOTMxMDUxMzM2MDI2ODU=,0
NTgzNDY0NDY5Njg0Mjk0MTIyOQ==,0
NzExNjQwMDAzNDA5MjgyMzc3Mw==,0
NTYzMTI3Mjc3MTg1ODMxNzExNw==,0
NDc5NjQ1ODM5NzE1Nzc3NjEyNQ==,0
MTE1NzU1NzUzMzYyOTM0NjMzNDE=,0
MTY4MzYzNjc2NjI0ODg0MzEzNDE=,0
NDE5OTcyOTM4NTE2NzYwMzI5Mw==,0
MTY1NDA2OTYyNzU5NTAyMjYwMTM=,0
NTgwMjA2MTYzMjMwMTM1NzkwMQ==,0
MTQ1MTg1MjkyNTY2MDQxMDI3MDE=,0
MTQwMTg1Nzc4MTQzMTE2NTE1MTc=,0
MTU2NzU4NzkxMTYzMzQ2MDk1MzM=,0
MTY5NjczMTU2NTI2MzY3ODU1MTc=,0
MjQxNTMyOTM1NTEyMzg2MTk0OQ==,0
OTcxMzIxNTExOTE3NTI0NTE2NQ==,0
NjY0MTIyNjIyMTc3OTEwOTM4OQ==,0
MTY5MTEyNDYxMTI4NTAzNTY3Nw==,0
MTEyMjg1NjA4MDcwMTc4NTcxNjU=,0
MTU2NjMxNTU0MjgxNzEzMzYzNDk=,0
MTIzMTU5Nzk3MzA0MDk2MDEzNTc=,0
NTg1NDY4NTU2NDIxNjg5MTEzMw==,0
MTQxNjExNDgzOTY2OTMyNzc3NDE=,0
NjMwMjgzMzQ0NDM3MTkxODk0MQ==,0
MjQ0MDYwNTIwMDYwNDA0MzAwNQ==,0
MzQyOTM3OTI0MjE4OTcwMDI4NQ==,0
MTgwNjIxMjQyNTQ3NTIzNzEwMjE=,0
MTI2MjM5Njk3NzI3Njk4OTQ0OTM=,0
OTI4Njc3NTk5MzAyMjY5NDI4NQ==,0
MzExMDk3MTk0MzYyMTI4MDc2NQ==,0
NzI4NDI5NTI0OTgyMDkzMzI5Mw==,0
MzE4NzYzNDQyOTA1NDczMTYxMw==,0
MjcwMzI5NzYzNDUzMzk1OTgzNw==,0
MTQ2NTAwMTA5MTk3NTk1MDk1ODE=,0
MTQ3MTg3MTYxNjgwNjU2NTQyMQ==,0
MTU5NTAxMzM4MDQ2NjE5NTY1ODk=,0
ODQ5NDQ1NzI2NDIxMzg5MTk5Nw==,0
MTQ5NzA5Njg5NDY4OTg1MjQwNzc=,0
Nzg5Nzc5NzAzOTUwNDUyMzQwNQ==,0
MTE0MzY3MTE4Mjg3MDk5MjYzNDk=,0
MTI3NTk3MzQ2NTEyOTM1OTAyODU=,0
MTY3OTE4NTczNjk4NjM0ODUwMDU=,0
MTE4NzM0MTc2NDA4MzUzNjE1ODE=,0
MTY3NzI1Mjk3NDI3ODM4MjMyNzc=,0
MTU2OTU3NjA4MjYyNjAzNzE1MzM=,0
MTUxMTU5ODE2MTExMjgwMjMyNzc=,0
ODA2MTIwOTQ3ODY3MzgxNTYyOQ==,0
NjczOTY0NTYzNjM5MjA4MzgzNw==,0
MTQ2NTI2NTMyNTQ1NTQ5MDIwMTM=,0
MTY0MjA5NDk0OTI4ODg3NjMwMjE=,0
MTM2NTk3OTU2OTU2MzQ1NjU4Mzc=,0
ODA1MTIwMjk2MTM0NDkyNzUzMw==,0
Nzc4NjEwNzg5MDMxMDU2NDc2NQ==,0
MTgxMTQ1NDczODk0MTgwMDkyNDU=,0
Njg1NDc1NTUwMjY2MDE2MzI3Nw==,0
MTUxNjcxNDQwODYzODQ0NjUxMzM=,0
ODk4MDg4OTUyMzg3ODY0MjIyMQ==,0
MTMzNjc2MzU1MjY3MDI3Mzk4MjE=,0
MTc5NDE5NzgxNDUwOTkxNDYyNTM=,0
NzA3OTU4Mzg0NTQwOTQ2MzY3Nw==,0
MTMwODU4MzIxNDAyMDIwMDkyMTM=,0
ODE4NzQ4MTAzNTkyNDg3Njkz,0
MTAzNzA0NzUyMDE4NjM1MTE3NDE=,0
MTY3OTg4MTEyMzQ5NjI4MjMzNzM=,0
NjQyOTAyMzkxNDM0NTA0NDcxNw==,0
MTA4MTIxNTkzOTY4NjY3NzMzNTc=,0
MTYyNzEwMTM5NzA4OTc2MTU5OTc=,0
MTM0MTQxOTg3NDc0MjcwMjI5NTc=,0
MzgwNDYyNzg1MTg4MjYyMjYyMQ==,0
MTM3NTYyNTU4NTE5ODQ0MjgyMzc=,0
Mjk1MjE2NDU5ODE3Mjk1NjY4NQ==,0
MTE0MzQ4NTk3NTgxNDA2NDk0MQ==,0
MzQzNzY4MjU0Njc4OTYwOTQ4NQ==,0
NTU1NjE5Mzk5Mjg3MDMxNzE4MQ==,0
OTMwNzg0OTM2ODg1Njg5OTQzNw==,0
MTMyODM1MzU1MzI2MTI2Njk2Nzc=,0
MTM5MTY2OTUyODEzMTc2NzQzMzM=,0
MTgwNzI4MDg0MTM2MjA3Njc5OTc=,0
MTExODQ3OTcyMTkxMTgxMjIxODk=,0
MTIzMTY3OTY1ODA1MzkyOTY5Mw==,0
OTA1MzExNDAzNDUyMDc3NjYzNw==,0
NTIxOTg3MDE1NTYzMjAzNzU2NQ==,0
Njg2OTcwNTM1NDk0Mjc2MjMzMw==,0
MTcwMjY2MDAwMjc3ODE0NTQ2OQ==,0
MTcxODYwMDIwNTI4NDcxNjI1NzM=,0
MTIzMzk4NDIyOTQzNzgxMTQyODU=,0
MTU2NzAwMjM5MzkwODk5Nzk0NTM=,0
MTI1MDk0MTU5MTcyOTAzMzI0MTM=,0
MTE0NjM0NzQ2MjcxODg2MjAzMzM=,0
MzQxODgyODE5MTUyMzIxNjA5Mw==,0
ODM1NjgzMTgwNDU5OTAwNzQyMQ==,0
MTA5ODQzNDYxNDc5MzAxODQwMjk=,0
MTI1MTU0Mzk5MzgyMjE3MjYwMjk=,0
MjI4NjkyODkzMzkxODkwNDg5Mw==,0
MTIwNTk1NjM4MTI3ODcwODE0MQ==,0
MTU2NDQ4ODM0MDExNDQxNTE2OTM=,0
Nzc4NTgyMDIzMDEyODA1MzQzNw==,0
ODc2OTI0MDg4ODY4OTk3OTEwMQ==,0
NjA4MTU2NTUyNzI4NDQwOTk0OQ==,0
ODc3NTExMzEwMzQxMjY4NTk4MQ==,0
MTIwNjI5MjcxMzAzMDM2MDU1ODE=,0
NzA5MTM0NzQ1NTE0MTc3ODg2MQ==,0
MTYyOTc0NDU4MjA0MjI5MjE1NjU=,0
MTU4MzkyODI0MTU1ODczMzQ3MDE=,0
MTc5MjQ2MzkzMjcxNzcwNTkzMjU=,0
MjU3MDEzNjgxMTY2Njk5NzQ1Mw==,0
NjIwMzI3OTgwNDQ5MTIxMjU=,0
MzM0Mzg1MTMyNDE0OTIxNjAxMw==,0
MTA5MDI4MDA5MzcwODMzOTc5OTc=,0
MTMzOTE1NjE1ODczNjY4NzQ0NDU=,0
MTM0NTA1NzczOTIyMjU4OTA5NzM=,0
NTY4OTIyMzQyNjAxOTY3MDY2OQ==,0
MTYyOTg0ODY1MDg4MTMxMzEyMjk=,0
MTE5NDU0OTM4NTg3NDkwMTgzOTc=,0
MjgzNjM2MjA0Mzk1OTM5NzA1Mw==,0
NTk0OTE5OTU4MzE0NzUyNzkzMw==,0
MTQxMDUwODk1OTE4Njk0Nzk2MTM=,0
MTM2MDgyNjkyMTU1MjA0ODYyMDU=,0
MTAwNTI0MzQyNDY2OTM5NDIxMjU=,0
MTA0NzE0Nzc5OTc4OTg4NDcwMQ==,0
MTI5Mzc1NTI0ODQ0MDMwODA3NDk=,0
MTY4NDMxNDgwNzUzMzU4NjcwNTM=,0
MTcyMDI3NjEwMTQ2MzY0MzY4NjE=,0
NTU2OTA0MjI2OTMxODkzMDIyMQ==,0
MzA5ODA0MzY3ODQ2NTM0NTg2OQ==,0
MTU3OTAyMDYxOTM4NDc0MTM0MDU=,0
NDU3OTQyNjYyMjY0ODg2MDM0OQ==,0
MTM5ODM2NjAxNDI4NDUxMjUwNjk=,0
MTMwNjQ3NDE3OTA5NzEzMjM0Mzc=,0
MTQ0NDM0OTAzMzczMzg5ODAwMTM=,0
MTgxMzM2ODg3ODY5MDczNTc1OTc=,0
Nzc4NDY5MzAyODU5NDE1ODg2MQ==,0
Njc2NDU0NjAwNTA2MjE1MjUwOQ==,0
MTgwMTE4NTcxOTU5MTE5MDc5NDk=,0
MTQyMjc4NTcwMDUyOTQyMzQ3NjU=,0
ODczMTE0NTQyMDY5NTY4OTcyNQ==,0
MjExNDU1NzYwMzA1MjIzMzEzMw==,0
MTU1OTMxNTAzNDg3MzU2MTY2MDU=,0
Mjg2MzQ0OTE3OTk0NTQwMjY5,0
NjU2NjU3ODU5MDM5MTYwNjU3Mw==,0
MTA0MDE0MTU4NzA2NzU4MzAxMDk=,0
MTMxMDUwMjk4ODcyODA2NTMyNDU=,0
MTIzNTI5NTgwMjUzMTgwMjU2Mjk=,0
ODQ1MTc0OTU1MDEwMTIwNzA4NQ==,0
MTc5NjQ2MjE4MzA3MjQwMjQzNDk=,0
MTQyOTgzNzgwMjgyOTQxODI2Njk=,0
ODUxMzcwNzUxOTY4Nzk5OTgx,0
ODY0Nzc2OTYwNDk0MDg3MTgx,0
NzA1MzEyMzg0NTUxMzU2ODI5,0
MTUxNzIwNzEyMDI5MDc4Nzg5NDE=,0
MjA3MjMzNDc3ODI3NDYwMzc3Mw==,0
MTMyOTk0OTUwMTI1NDY3NzA2MjE=,0
MTc5OTQyMTE2MTU1Mzk1NTc1OTc=,0
MTg2MTg2NzA4NzUyNjU3NDI2OQ==,0
ODQ4NDcyODA5ODQwODc0Njk0MQ==,0
MTQ2MjcwNTc5MjY3NjE3Mjk5MDE=,0
MTc0NjUxNjY2MTM5MjAxNzMwNTM=,0
MTY0NjI2NjAyOTE3MDkyODg3ODE=,0
OTE1MDgzMzc1MTA5Njk2NDA0NQ==,0
MTA2NTI1OTI3NzM1Nzg0MTM2Nzc=,0
MTc3NDg0OTg3MzM1NjQ1NTEwNTM=,0
MTc2MTg2MDkyOTk5NzEzNTEyNDU=,0
MTcwODY4Nzc2NDYyMzk4OTgyMjE=,0
MTIwOTcxNjA2MzE0OTA3NzMyNDU=,0
ODY5NjI0NDY1NTEzMDEzMzgwNQ==,0
Njc1NjI2MTMyMjU4NjgxOTQ4NQ==,0
MTQ2NDQxMDY2NDQwODE2OTI1,0
MTA4MzMxODQzMjgxMTU4Nzk5OTc=,0
MTc3ODM1OTUwMDY2Mzc4OTc3NzM=,0
MTc5MTQzNjkyMDM1NDMwMzg4Nzc=,0
MTgyNjY5NjI0OTkxMzQzMzc0MQ==,0
NzI0MjIwMDk5NzQ4OTgzMjQ5Mw==,0
MTg2MjE4MzY3NjM1MzI0MjA5Mw==,0
MTM3NjM4NTEwMDQwMDY2MTY5NzM=,0
Mzg2MTkxMTE3MjE2OTE1ODcxNw==,0
MTYxMjg3NzcwMjU0MTc1MTIzODE=,0
MTYxNzYxMDg1NDczODMzMzY5Mw==,0
MTgyNTUyODg3MjczNzEzMTMxODE=,0
ODMwMjM3NTE5MzY5NTcwMzIyOQ==,0
MTU3MjI5MzgxNDMyOTU4ODUyMjk=,0
NTE1NjcxNzU3NjA2NDQ0MTQyMQ==,0
MTc2OTEwNTYxODk2ODQ2MDQzMTc=,0
MTU2MzkyMjkzMDAyMjc2OTA5ODk=,0
ODQzODIzMzA1MDIzMTE1NzQzNw==,0
ODU1OTQ4NjAyMTE0NDk3NzEzMw==,0
MTIzNjg4Mzg0MTA0MjYxMzM2Mjk=,0
NTQ4NTg3NTgyODYyMzgyNTUzMw==,0
MTc0MTE4MjMzOTQxNjIyNTI3NjU=,0
NjU3ODMzNTczODYwOTMyNjg0NQ==,0
NDQ4OTk1Njk1NDM3NjU5MjkwOQ==,0
NDA0MDAzNTU1OTE0NTQ5ODAyOQ==,0
ODgyNTY5NTM4MTUwNzI3OTU5Nw==,0
MTQ4OTQ4NTE4MjAxOTgzNzA3NjU=,0
MTQ5ODQxODQ5NDA1OTQ0MjkzODk=,0
NDQwNTEzOTExOTA3OTM3MTg4NQ==,0
MTMyMTEzOTg0MTAyNzA3NjQ2MQ==,0
MTUxMzg0NTM2MzU2NzU3MzEyMjk=,0
NjI1NDc4Nzg3OTIxNjYwMzQzNw==,0
MTgxMjc5Nzk5ODI4OTgxMDA3OTc=,0
MTM3NDI4NDgzMzg5Njg0NjAzNDk=,0
MTYzNDIwNTcxNTA1NTMwNDc0OQ==,0
MzU3MTQ2MDEyNzkyOTQ4NDgxMw==,0
MTI0Mjc0MjQxNjY5MTM2NjAyMDU=,0
MTU4ODcxMTUwODY5Njg1NTIwNjE=,0
NzYwNTcwNDQyMjg2OTg0NTkxNw==,0
NTc1MDU1OTc0OTI2MzkwODQ0NQ==,0
MjQ0Mzc4OTU5MjI3ODk1MzMyNQ==,0
MTQ4NjE1OTMzMDgyNjEzMzE5OTc=,0
MjQ5MTc1NzkxNjc4MDQ5NjIyMQ==,0
OTcwMTU2MTA1MTMzMDUxMDM2NQ==,0
MTI5NTA3Njg2MTUwMjYwMTg4NjE=,0
ODA1ODg3NjI0OTA4MjkxMzIxMw==,0
ODQ4NjY5NjQyNzE0NDUxNTYyOQ==,0
MTI1MzIxNTIyMzY3NjA4MzA5ODk=,0
MTQ0OTc4NjQ5NjY1MDg2MDc3NzM=,0
MTM0NTQ5MTQ4MzA0NzAxNjMwMDU=,0
MTEyNzE0MDA1MjY4ODIzOTA3OTc=,0
MTIxOTk1NTY1MDEyNDA2Njg1NDE=,0
Nzk1MDc4NTQ1NzM3OTQyMzY3Nw==,0
MzA4ODM2MTEwNDMwODQxODA2MQ==,0
NDQ2Mzc5OTkxNzg5NTAyMTA4NQ==,0
NTA3Mjc4MjQ1MzkxMjQ4NTQx,0
MTM0NDA1MDUxNzc4MzMwODY2NTM=,0
NDQ0NzUwOTIwODg0OTM4NzUzMw==,0
NTY5MTgyNTk3MDY4NzA4NDQyOQ==,0
NDg1NDIwODczMjAzNzY1NDQ5Mw==,0
NjgzNzgzMzM5OTQ3MTEyNTk0OQ==,0
MjA4NzU1NTc5NzU3MDI4MDM2NQ==,0
ODE4NzMzMjA1MjExMDE1ODMwMQ==,0
MTA0Mzg2NTA2OTIzNzUyODI0Mjk=,0
MTQ0Njk5MDMwMTA5MTYyNTM5MTc=,0
NDQ2MDUwNDc0ODIxNDIxMjY1Mw==,0
Njk2MTUxNjc3NDg3ODQwMzQyMQ==,0
MTY1NDU1NTYwNDU2MDc4ODUxOTc=,0
OTEzMTA5MTMzMjgwMzkxMTQwNQ==,0
MTY3NzM2Mjk4NzYxODk1MzQ0NjE=,0
MTgyNjI1ODA4OTQ1NDI1OTExMTc=,0
Mzc1Njk2MTgyNTQ0NTU3NDIx,0
MTI3NDI1NzQ2NDI0Mjk0MDQzODE=,0
NjY2NjcxMjgzMjA4MDIxOTUxNw==,0
MTM4Mzg4ODEzMzM5MDkwMzY0Nzc=,0
MTAwODMxOTc2MjA0NzIyNjQ2NTM=,0
NDE5MTU4MTUyNDM2MzgwMzg4NQ==,0
NDA2MDUyMTA0MzQxNDgxMDE0MQ==,0
MTYzNTQyODU1NTQ1NTk2MjY3NjU=,0
MjczNjU3MDY0MDMxMTk0MTExNw==,0
NjMxNjQxNjA1NTE5MDcyNTAzNw==,0
NDMwNjMwMDAzMDg5NDQ3MTQzNw==,0
MTYyNDU0NTU1NDk0NzQ2NTIyMjE=,0
NTc4NTMyNzY4MzUwMzYyMDc2NQ==,0
NTEyOTk1NjQyNTM1NTQ2OTI5Mw==,0
MTUxNjM2NTI0NDc3OTM3NzI0Mjk=,0
MTA0OTk5OTczMjUzNzA4MTE1NjU=,0
NjcyMjEzODgwMTM1MTM3MzkxNw==,0
ODI4ODcxNjM3MDgyNTMzMjMxNw==,0
MjgwNzk5NTc0MzkyMTkzMDY4NQ==,0
ODgzNjkwNjc1NzEyMTQyNDI4NQ==,0
MTM2NzU3ODU0MTM5ODgwNjI3NDk=,0
MTcxOTkzMDM4Nzc3OTA0MDA1NzM=,0
MTQ4MzkwNzcwMjk0NjM2NDE3NzM=,0
MTE0MTExOTE3NDg2MTc0NDIwOTM=,0
MTE5MTAwNTY1MzIzMTg1OTU2NjE=,0
NzExODQwNDg1MzE5MTYyOTA1Mw==,0
MTc2NTAyMDYyNDM1NDI0MzA5ODk=,0
MTExODY5NzQwNDgwMTc0NzY3MDE=,0
OTU5MTE4NjM2OTU4NDY0MzMwOQ==,0
MTAxMjkyNTA4NzAzMDY4NTAxNzM=,0
NjUyMjE2OTUyMzA2NzcxNDM5Nw==,0
ODE3NDkxMDg5Mjc0Mjk0OTg5,0
MTU5MzIwNDgxNDUyNDA2NzYxMjU=,0
NzYyMTU1MjkxODU1MDgyMzgwNQ==,0
MTYxNTU0OTk0MTY4NzQwNTE1NDk=,0
MTY5MDk2NTg2OTg1NjU4MDYwNQ==,0
MTg2NDM1MDA1NjUwMDA0OTkxNw==,0
MTgyODg5ODAzNzI0NzM2MjU5MTc=,0
MTQ1NTI2ODc5OTAxNzUwMzg4MTM=,0
NTk4NTE3MTA2OTAyMzk1MjY2OQ==,0
Mzg1OTczMTc5MzQ0Njc4MDI5,0
ODc0NTAwMzI1MzA2Nzk3MTI5Mw==,0
MTc4MDg1NTI5NTk4NzQ1NzE0MDU=,0
MjgwMDE5NjAxMzgzOTczMjI2OQ==,0
MTM1OTg1NTE5MzQ0MzQ3NDg4NDU=,0
MTQyODg1NjI5NjYxNTc2NDM1OTc=,0
ODEzMjIyNzU1NjA0MTU5ODM2NQ==,0
ODY1MzgzNTczMjEwNDQ0MzQ1Mw==,0
MzczMjgxMDM2MzI5NjgxNDAxMw==,0
Nzg1NjA1NzM4MDMzMDI3NjQ5Mw==,0
MTIwMjQwNTUzMzgyNjY5MjU5MTc=,0
MTE4ODYyNDc1Njg4ODU1Nzc0NTM=,0
ODEzNjE3ODAzMjU5NjU1Njc0OQ==,0
MTM4MTcwMjY0NzcxNTI4NjYzMzM=,0
ODM5MTYxMzIwNjE5MzU5NTQ1Mw==,0
NjU2ODg1OTUyNjEzNTQwMzk0OQ==,0
Njk1NDI5MTgxNjcwNjE1Nzk2NQ==,0
NjE1NjgyMDAxODgxMzY1MTY5Mw==,0
MTYyNTg4NjAxNzY2MzU0Nzg3NjU=,0
MTI0MTIzMTY2Nzc1NTAyNzU0OQ==,0
MTMzMTExMzYxNTg0NDYyNzkzNzM=,0
NzQ1OTc4MTYyNDc0NjgyMDkz,0
MTQwODA4NDQ2NzEzMzc1NjczMjU=,0
MTAyNTE1ODcyNzgzNzg1NTkzMDk=,0
MTg0MDE0OTQwMTc1NjcyMjQzOTc=,0
MTE3NzU3NTM1MTk5Njg0OTY2ODU=,0
MTMzMzM4ODg2OTk1MjAwOTIxMjU=,0
MjY0NTIxODYxMDEzMTk2OTg2OQ==,0
MTYxODg3OTU3MjA0ODA5OTE0MDU=,0
MzY5NTMzNDY3ODM3MDg2MDEwOQ==,0
MTQyODIwMTk3NzI0NTIzNjQ4Nzc=,0
MTQ3NjAwNzY0MzIxNDE1MzczNTc=,0
MjUyNDg5MDMyMzUzNzczNjEz,0
MjM3OTE4MjQ5NzY0NzEwODUwOQ==,0
MTc4NDUzOTEyNzI0NzU0MjcyNzc=,0
MTM0MjM1MjU5NzMzMjY1OTM1OTc=,0
Nzg1MzExNDQ2NTU2MzExNzQzNw==,0
MTc5Mzk2OTA4ODc5ODg5MTIzMzM=,0
NTE5ODIzOTM5NDAxMzYwODY4NQ==,0
MjI1NjMwNjA5MzEyOTkzMzYxMw==,0
NjU5NzQxODUxOTU2MTU4Mzg1Mw==,0
Nzg0ODg1MDI4NjE3MDg1MjQxMw==,0
MTAyNjYyNDM5MDE4NTc2MjM4NTM=,0
MTQzMDkzNDU3Mjg2MTU5NTAwNDU=,0
MTMzMjU4MDg1MjM1NTk1NTM3MjU=,0
MjY5MTcwMjY2NjQxMDIyMzE4MQ==,0
MTE1NDk3NTUyODM5MTcxMjk4OQ==,0
MTM0OTc4Mjk4Njk2MDgwMDEzNDE=,0
OTEyNjkwODE3MDU5MDg4MTYyOQ==,0
NDcwMzI4MjEzOTM3MjkzNTE0OQ==,0
MTc3MjM1Nzk4ODE4NjUyOTU3NDE=,0
MTc3NzE3MDA0MjA4NjExMzEwMzc=,0
Nzk2NTEzNDM2MDQzNTAxNzk4MQ==,0
MTM3NjYzODI0MjE4NjAxNDkxNDk=,0
MTE3MTYzMjE4OTY0MjQwNDQxNDE=,0
NDI4ODk0MDU5ODg1MTAyNTcyNQ==,0
MTgyNDY0ODQ4NTg0NDU0MDkz,0
MTE4MjUyMDY2Njc0NDM4NTgzODE=,0
MzMzMDg2MTAwODEwNDcxODYzNw==,0
OTM0NjM0NDU3OTU0MDUwNDczMw==,0
NzAyOTUyNjM4MzY1MjM3NDY1Mw==,0
OTgxMTkzNTM4NjU0ODYxNzE0OQ==,0
MTU5MzY1NjU4Mjk3NzAyNTczODk=,0
OTU0MjYwNjMwMzk1NDQzMDM2NQ==,0
MTIzMjg3NTQ0MDQ3NjcwMTc0MjE=,0
MTIzNjg2MDgwNjAxNDg5NjU2Mjk=,0
MTAwNzEyOTMyNzU2MDUyODY4MTM=,0
Mzc0MTg4MjIzMDEwNzI3NjMwMQ==,0
OTUyMTE0NDY2NDAzMzQ1OTAzNw==,0
MTI2MDUwMzA2ODQ1MTYxNDQ0Nzc=,0
Njg0MjQ0NDM0MTA5OTA3MDYyMQ==,0
MTAxMzk5NzA0OTA5NzU3MTYzOTc=,0
OTM4MDU5NzM5MTI5MzY4MjI2OQ==,0
MTMwMzQwMDA2ODMyODQzODMzNzM=,0
MTMzNTEyMjQyODcyMjE3MDI3MTc=,0
MTEyMzcwNzM4NDM2MDY2NzQ5MDk=,0
MTE0NTA4MzI3MTg4Njk2ODYxMjU=,0
MTY1NzMyNjEwNDg1OTE0Nzg1Mw==,0
MTU4MjE5NTUyMTA3NjIwNDE2NDU=,0
MTc2MjAxNzIxODkyMzM4MDg4Mjk=,0
NTUzMDA5OTk3MDc2ODE4OTc4OQ==,0
ODI4NTA2MzM4MTkwNDg4MzEzMw==,0
MTM3NjIyNjIwMDM1OTMxMzQxMDk=,0
OTM3NTkxNzkzNjI0NTQ2ODAxMw==,0
MTE0MjU1ODc4NjAyNzE5MzA5NzM=,0
MTQ0MDIzNzk4MDU2MzMyMzAwNDU=,0
MTI5NTYzMDgxNTkyNjU3MDkxNDk=,0
MTM0OTQ1NjYyNDMwNDA3NTI2Mzc=,0
OTE3Mzk5NDYxODcwNzE3MjYwNQ==,0
MTE5MjcyMTU4NTI0NDk3NTM2OTM=,0
MTI3MzU2NzM1NTY4MzM4NzQ1MjU=,0
NzkzMDA3MjY1NDE4NjA5NzQyMQ==,0
NjI5MDk4NTAzODUyMjg2NDUyNQ==,0
MTQ5OTgwMzkxOTg1MTA3NTkxNDk=,0
MzkzNjYyNjc2ODQ1NTIyMjUwOQ==,0
MTU4OTEyMzA4MzY5NzE4NDk5MTc=,0
MTQxMjc0Mzk3NzcxMjI3MDI5NDE=,0
MTQ0Nzc4ODE0ODA2MTIzNTcxMTc=,0
NTA5NzAyMjM0MDgyNTE3NzAzNw==,0
NDg1ODg4ODk0NDA1NzE3MjU0MQ==,0
NTA3MjkyNTE2NzY3MDgwNTEzMw==,0
ODQyMjAxNjI4MTEwOTY4OTA2OQ==,0
NzQ2MzM0NTc3Mzg4MTUxOTE0OQ==,0
MTYyOTYwODc1MDkzNTY4OTU2Nzc=,0
MTcyNzI5MzU2OTY5ODIyMjIwNzc=,0
NzYyMzIxMTg3Njk1MjExOTI0NQ==,0
MTQ4OTQ3NDg4MDczMTkwNjA5NTc=,0
MzQwMzc0NDk1MzAwNzEzNzE0OQ==,0
NzIzNzAyMjU3MjExODU0ODg0NQ==,0
MTI1NTUwNTQzNzkxMzY3MTgzODE=,0
ODE3MjYwMjc5MjE4MjQ4OTUxNw==,0
MTIzNDk3NTA2MTE0NTkxNDQ1MDk=,0
NTgyNTUyNDA0MjE0NTE3ODU1Nw==,0
NzY5OTIzMTE0NjYzMTEzMTgyMQ==,0
NTY1MjM2OTM3NzE2NTk4NjE3Mw==,0
MTQ3ODYwMzUzNTE5MzUyNDM3MjU=,0
NzY2NTUwMjUzMjAzOTcxODU3Mw==,0
MTY5ODcyNzMwMjI5OTI3OTg2Njk=,0
ODM1NzQyNzg3OTI0MzkwODEyNQ==,0
MTUwODY4MDI0MjgxMzg5MTcwMjE=,0
Nzc5OTIzODgxMDA1Mjk5NDU4OQ==,0
NTE3MDI5NTY0Nzk0NjQ1NDAxMw==,0
MTczNTQyNjc5NDY4MjU2MjU5MTc=,0
NzEwNDI2MjA0MzQwNTA3MzAwNQ==,0
MTc5MjM1NTUwNjk5NzkzMzExMDE=,0
MTMwMzc0MzA0NzA4MjA1NzU5MTc=,0
OTE1NDQ2MjM0MTA5MjYyNTg5,0
MTU0Nzk3MTk5MTcyNzA1MjY5MDk=,0
MTE4NTk2OTAzMDc1Njg3MDczMjU=,0
OTAyNTA2ODY1NDc4OTI2NzY3Nw==,0
MTE3NzYwNTEyODIzMjA4NTg5,0
MTI0MTU5NjAzODQ0ODEwNjkwMzc=,0
OTc0NDM4OTI5NTk2MDUxODQ0NQ==,0
ODY3MDk2MzAzNDY3MDQzODgyOQ==,0
MTUxNDAzMTU5MzE4NTQwMDgyODU=,0
MTA3MTMyMzk4NDAwMzQ2Njg3MDE=,0
MTU0ODA3NTk1MTY4NTQ3NzUzMw==,0
MTYwNjA1NjgxMzQ2MjEzMDY5NzM=,0
MjI5NjEyMzYwMTMzMzcyOTk4MQ==,0
MTQ0OTMyODg0NTQ4MzI3Mzk1OTc=,0
ODQ5MTQxNzMxNzkwNTMwNTM1Nw==,0
ODMyOTk4MDAxNDM2NDkwODE0MQ==,0
MTY3NTIyMTIzNDkzNjE2NDc2NDU=,0
NjM1NTUzODQ2NzMzMTc2MTI5Mw==,0
MTAxNTk5NDkzNzI1MzI0ODQzMTc=,0
ODA2OTc1NTM2ODA4NjM5NTk2NQ==,0
MTc2MzA1NTg3OTMwNTM2NDI0NDU=,0
OTEzMDU3NjIxMDMzODMzNzkwMQ==,0
OTgyODU5NTczNjQyNjA0MjQyOQ==,0
Mjk5NTIwODc2MzU4OTIzNDE3Mw==,0
MTIzODEwOTc1NTA2Njg3MDI1NTc=,0
MTUwMjcyMjM5NDkwNDkzMzU5NDk=,0
MTEwMDA1MTMyOTcxNzczMDExMzM=,0
MjA3NDgyNDc1ODI4MDc3NTM4OQ==,0
MTAxODYyOTI1NzI1MjAxMzYxNTc=,0
OTY1OTE4NzcyNzk3NDA0ODI2OQ==,0
MTI0NTUxNTc5MDYzODcxNTMxMTc=,0
NjA2ODUyNjc2MzM2NDQyNDYyMQ==,0
MTMzNDY3MjI1NDMxNzI1NjkxMzM=,0
MTYyNzAxNDY4NzA0NjM4NjU4ODU=,0
OTUyNDMwMzIxNzI2NDM0MjA5Mw==,0
MzQ4MjY4Nzk2MzU0NTc4MjQ2MQ==,0
NDk3Mzc3MjkyODQwMjAyNDY2OQ==,0
ODYwOTU5MjU1NDA0OTA2NTkzMw==,0
MTgzMzYzMDE3NzI5MTAwNDI3MDE=,0
MTI0NTQ2ODAxNTY4OTU0MzMwOQ==,0
MTc0MzkxNjAxMzg4ODIzNjA2MQ==,0
NzgzNzI2NDMxNzg2Nzk0NTUwMQ==,0
MzQxNjkyMTcwNTEwMDk1MTAyMQ==,0
MTAzMjc5MjIzMTQ1MTAyNTI4OTM=,0
NTk4ODI2NTAyNTUyMzA0NzUwMQ==,0
MTQwMjg4MjU0MDIyNDI1NTMzNzM=,0
NjU5ODM2ODkwNjI3ODQwMTkzMw==,0
MjQzNDA1OTUzNTc5OTAxNzE0OQ==,0
NjQ2MDE2OTE2MzUwMTMxMjA5Mw==,0
NjcwOTYwNzUyMzgwMzkyMzgx,0
MTUxNzcyNTAzODMyMjg1NDg1NTc=,0
MTI4MjcwNzEwMDQzMzM3NDI4NQ==,0
MTYwNjUzMTAxOTEyNDY0OTQyMDU=,0
MTE5NzUxNjExNzEzNjQwNzE4MQ==,0
ODk5NTk0Mjg2NjAzMzkyMDU0MQ==,0
MTI3MDY1NzYwMTQ2MjkyMzgxNTc=,0
MTU1NzA5Mjg0NjIxMzE1Mzg4NjE=,0
NTM4MjgwNzYwNjkwMjcyNDIyMQ==,0
MTA0NzM0NzE1NTc0NjAyMzAyMQ==,0
NjU2NTM3Mjg0MDQyMDg5NjQ2MQ==,0
NDQ2NzQxNzUxODY4ODczMzMyNQ==,0
MTc0MzM4MTI3MzIxMTUxODY1MDk=,0
OTc2NTMxNTEzNDA3MjM4OTE0OQ==,0
NTk1NjIzNzU1Nzc2NzczMjczMw==,0
MTE2MzY2NTAzODc5NjA2NTUxNw==,0
MTIwOTg4NDYzODY0ODc3ODUwNjk=,0
Njc4NzA4MzcyMzQ2NzIwNzI3Nw==,0
MTE0Njc5NTQxNzM1MzMxMjE5MzM=,0
MjE2MTQzOTg2Njg3Njg0ODEz,0
MTM2NDA1NzcyNjM4NTYxMzQ5NzM=,0
Mjc2MjIzODk0NjY2MDUxNjIwNQ==,0
NDAyNzAyOTc4MDU0NzE2MzMyNQ==,0
MTczNTgxOTc2MDE3MzQ5ODE0Mzc=,0
NzU5NTY5NjI1MzU0NTUwNjU1Nw==,0
NDAwNjU4OTY1NDA3MDY3ODAyOQ==,0
MjEwMTM1NzgyNzY3MTMxNDYzNw==,0
MTMxNDc0NzcyOTA1MjA2NzAxMjU=,0
MTA5MzQ2MzkzNTc1NjY0MTcwMzc=,0
MTA4OTI1MTc0ODIwMDg2NTczMjU=,0
MTAxNDU3OTUxNTQ5NDY0NjIxMjU=,0
MTQxMDAyMjI2MDI1OTM0NTY3MDE=,0
MTg3MTgzMTc1NTI4MTIyMzk0OQ==,0
MTc4NjcxNTEzNjI0MjEwNzIxMjU=,0
MTU3MzA3MDE1ODcyNDkxMzIwOTM=,0
NDcxNTY5MzA4NDY3Mjg1OTU0OQ==,0
MTMwNTM1Njk5Mjg2MzQzNDYwOTM=,0
MTE3OTcwNjIwNTY3MjUzOTk1OTc=,0
NzUzMDUxODkyMTc2OTE2NzYyOQ==,0
MTcyMDYzOTA3MTA4ODY3OTU1MDE=,0
MTE2Njk5NjU5MzY2NTM5MTY2NTM=,0
MTMxMjgyNDY4MzE4Mjc3MTE0MDU=,0
MTYyMjg4ODc1NTc0NzQ4MDU2OTM=,0
NDczMjQ0NDQxODQ3NDU3Mzc4OQ==,0
MTc2NjUxMTEyODk4ODIzMzMxNDk=,0
MjIzNzY2ODM1NDY1NzY2MjA1,0
NjE4NTU5NzgxMTQxMDk0ODM5Nw==,0
MjgxNjU0NDk5MjgyOTQ1NTE2NQ==,0
MTc5MzA3NDU3NDA0ODQ3NjE3ODk=,0
ODA1NjU2OTg4NTQ3NzA0NTg1Mw==,0
MTI1OTkwMDk1NTYwMDgwNDk5NjU=,0
MTgwODczOTI4MTc2MDIyNjAxNDE=,0
NzY1OTQyNzI0NzkxMjMxODk3Mw==,0
NTE3NDc4OTAxMTEzMjU0MTY3Nw==,0
MTcxODY5NzQ3MTEwMDkzOTg1NzM=,0
NDQ2OTY0NjQzNDEyODkwNTI3Nw==,0
Mjg2NzQyNDEzODMyNTk0MjAyOQ==,0
MTM4MzY2OTI1NDY1MzQ1Mjk2Nzc=,0
Nzc1NzI3MzA2NjY5NzE0MzMz,0
MTQ2MzIxMTQxNzA2ODc1MjMxNDk=,0
NzM2NjE0NTcxNTU2MTc1ODIwNQ==,0
MjU2MzAxMTgzNzA5NTEzMjUyNQ==,0
MTM1MTY4NjI2ODc1NDMwODI2MjE=,0
MTgxNDMxNzEwNDE3MTk4OTc3NzM=,0
MTM0NDc4MzEzNjQzODUwMDE3NTc=,0
MTA2MTA5ODI3ODQ5MTE1ODg3MDE=,0
MjM3MDI4NjgyNzcwOTEwMDEwOQ==,0
MTgzMTk4NjcyMzY1MzEwNDk0NTM=,0
MTY0NzQyOTI5ODUzMDU0MTk3NTc=,0
MTU3OTI4NDYxOTM0MDQ3OTQ1NDE=,0
MTY2Njk4NTEwOTI3ODM3MDk2Mjk=,0
MTM2MTUxNzA0MzY5NjI5MjUzNDE=,0
MTUxODk4NDAyMDYxNDk1NzQzODE=,0
MzM4ODc3MTI1MDk1MzE1MjI1Mw==,0
MTE1ODY2NDg4NjI2MTk0MDQzNDk=,0
MTMxMzQwODk1MDA4Nzk5MzE4NTM=,0
MTI4NDc2OTYzMzk2OTk4ODEwMjE=,0
OTc2Mzc3MjI0MzAwNTk2MTY5Mw==,0
NzMyMzk1NzA1MDg0OTQ0NjE=,0
MTMyNjkzNzM2MTMxNDAxNDA1,0
OTkxNDYzMDgwNTUxNDE0MTE2NQ==,0
MTYxNzA1NzY1NDEzOTkzMDc2Mjk=,0
MTEyMzQyMjY1ODg1MzUyNDg3ODE=,0
NDA2NTM2NjU5MjAxODA3NjQ0NQ==,0
MzMxNjE4NTQ5NTAzNTQzODg1,0
MTMyOTk5MTM5MjQ1ODIxNjA4Mjk=,0
MTUwNDg2NzUxNDMzNjU4NTY1ODk=,0
NjA5NTA5NTIyMjg5NDk3MzM4OQ==,0
Nzk3NzE5MTM5OTAxNDYwNTM4OQ==,0
MTM3MjE2Mjg3OTM5NzEzODgwMTM=,0
MzU0OTI1MzQyNzg2MDg3MTkxNw==,0
Nzg3MTkxMzg0NzM3ODc4MjM4MQ==,0
MTQ2NTY0MzYxOTE4NTcwMjE3MDk=,0
MTY0ODgyNDUzMTA3NjIwMjkxMTc=,0
MTg4OTE0MTI5NTk2MTYzODI2OQ==,0
MjQxOTcyNTU0MjQwMzAwNjg2MQ==,0
MTYwMTQ2NDU5MzEzNDY4MTc2Mjk=,0
MTM2ODk0OTQ2NzE1MTA4OTQ3NDk=,0
MTQ2NDk5NTkxNzUzNzU2ODUzMDk=,0
MzgwNDgxMzMyODgwNzMyMDQ2MQ==,0
OTk3NzgyNTIzNjgwMzU4MjcwMQ==,0
NTQ0MDE2MTkxMjc2ODU5MzcwOQ==,0
MTMxODI5MDY3MTYzMDI2NDE4Njk=,0
MTI3Nzk1MTAzOTgyMjMwNjgyODU=,0
MTY2NzQxMTcyMTI5MDExMzc1Nw==,0
Njc5Mjg4ODY3ODgxMTU4NzQ5,0
MTI5Nzg2MzEzMzUxODU0NTIzMzM=,0
Nzk4OTA2OTA3OTgzODQxOTMyNQ==,0
OTk1NDMzMzQxMzg2MjU1MzM0MQ==,0
MTM2Nzc3NDA2MjA4Nzc0ODMzNTc=,0
MTA2MjgwNjU4Mjg5MjQyNzE1MDE=,0
MjYyNTgzMzA1NDA1MzA5Njg5Mw==,0
NjY4MzAxMDU1MTAzMjM3MDI4NQ==,0
MTE2NDUxNjk0MDU0MDEyNzQyNjk=,0
MTQzNjI1MjQ2MzcxOTgyMjY5NTc=,0
MTI5Nzk5NDUxODM1MzUzOTIwMjk=,0
MjUzMzg0ODYwMDAzOTA5MzY2MQ==,0
ODE4NTAwMjMzNDc5MzI0NzY1,0
MTU0MzA0OTEwNjkyMTI5Nzk2MTM=,0
MjMzMDY0MzQ1NzA2MTUzMTU0OQ==,0
NDMxODcxODExOTQyNjk1OTAx,0
NTM4MTY2MTk4NDExODU2MDAxMw==,0
ODAyMjU4OTc1MTM2OTc1NTgwNQ==,0
MTExOTU2OTA2MzE4MzI4NjEyNjE=,0
NTgzMDQ5NzE5OTY0MTE2MDAxMw==,0
MzI3ODg2Njk1NjMzNzk4Njc4MQ==,0
MjMxNzc4MTE2Mzg1OTYxODE1Nw==,0
NDIxNjMxMzY2MzAyODQxNjk0MQ==,0
MTc0MjUyMzMzODA0MTcwNjkxMDE=,0
MzE4OTQ0MjkyMTYxNjg5NjA0NQ==,0
MTMzMjY4ODk0ODIxMDk4ODk4MjE=,0
NjQyNDg5NDQyNDM5NzU3Njc0OQ==,0
MjE3NTE0ODA0NjEzMDEwMTM0MQ==,0
MTU3ODc5MTg1MjI4NTQ0MTE5NjU=,0
OTY3OTc5NDkxNDY4NDE3MjI2OQ==,0
MTI2MTk1MzM0NTIwNjg5NTIwMTM=,0
MTA0Nzg5ODA1NzYxMzYyMzY2MjE=,0
NDg3ODY0OTA5MDcwODgyMjc4MQ==,0
MTQzNTYxMzEzOTIzODgxMDkzNTc=,0
NzAwMDg2MTU2MjkzMDE4MzY3Nw==,0
NDUxNTY2OTMwODY2NTE1OTI0NQ==,0
OTQ3MjcxOTgzNDY4MTI0MDU3Mw==,0
OTEwMTk0MTc2NjA0NjgxMjg3Nw==,0
NjQwMjM1NTg3ODM4ODM2MzA2OQ==,0
MTcyNjM1NjA5ODQzMzA0OTEzMjU=,0
MTI2NDkzNzk2MjU2NTE2MDI0OTM=,0
MTY2MzczNjg3ODAyNTk1NDIwNQ==,0
MTU1MDQzMzA5NzM2ODMwMzIyMjE=,0
OTQzOTI4MjMwOTMyODU4OTI0NQ==,0
MjE1MTM3OTIxODEzMDE0ODczMw==,0
MjU2Njc5NTQ2MjA2NTAzMjM0OQ==,0
MTgzNzE1ODI3NjQ5MzQ2MDcwODU=,0
MTYyMDAwNTIyNDc0NjAzNjM2Mjk=,0
MTc1ODQwMTA2MjUzNjY4NTY3MDE=,0
NDk3MDY5Mjc4MjM3MTI2OTk0OQ==,0
NjE0NTIxNDY3NTcyMjUxMTg1Mw==,0
OTMyODc5MTYzMDcxMDk3MzA2OQ==,0
MTU1MDUzMTAwODg5NzkwNDUxNDk=,0
NDYzNjIzMTcyMDM4NTAwODEwOQ==,0
OTM2NzI4MTA2NzQxOTYwODA2MQ==,0
MjA1MTQwMzk5MjY0ODk3MjU1Nw==,0
MTM3NjM0NzAwMTkzMTIwMDY5MjU=,0
Mjc2MTQ3MTA3NjI4MjcyNzUwMQ==,0
OTY2NTI0MzI5MDgwODc4NzM0MQ==,0
MTYzMjk1NzM4OTMxNjI2OTE1MDE=,0
MTA5NzY5NzAwNzMxNTY5MjQ2Mzc=,0
MTEyMTA0NTcwNzMwNzMxNzQ2MDU=,0
NDcyNTM3MzIwMzc4MTg1NzA5,0
NDA0OTMyMTYyMzEyNTkyODA3Nw==,0
ODkyNjQ3NTI0MTQ5NTQwMjE1Nw==,0
MTAzMDI3OTA5MDg5MTE5ODIzNw==,0
MTA4NjczNjA1ODQ2MDE0MjkxNDk=,0
NzI1NDcwMjExMDY5NjgxNzQx,0
Njc2NDU2NDc2Mjg5NzQ1Mzc3Mw==,0
MTc1OTM4MzczNzIyNTY1NjM2MTM=,0
MTUyNzc5NzEwNzExNjE2NTQwNQ==,0
MTcxNzgxNTA2NDU4MjAxNjIxNzM=,0
MTA2ODcxNjMxMzY1NzEyNDI2ODU=,0
MTExMjQyNzg3OTY2OTU2OTI2Mzc=,0
MTcwODQwODExMDY5MjI4MDE1OTc=,0
OTg0ODM4ODkzODkxMDY2MzU2NQ==,0
MzE2MzQ5Njc4MTQ2NDI1NDg2MQ==,0
NDQ2MjQ2NTEwODk2NTI5OTIyOQ==,0
MTI4ODk5MjMwODIyOTQzOTI2Mzc=,0
NjI4OTYwNDg3NjE5Mzg4MzQ2OQ==,0
MTI0MTg4ODMwOTQ2MzMwMTgzOTc=,0
ODE4ODgwOTM4NTA0NjczMzExNw==,0
MTE3NzY4MzE5Mzg5MjA1NjQxMw==,0
MTc1MjI4MzMzODc3Mjc3OTQzOTc=,0
NzMwMzI4OTQ1MDY3OTY2MTMyNQ==,0
MTA4MjE4MzkyOTE0OTM1MjkzNDE=,0
MTIyMjgxNjMwNDExOTA5NDU1MzM=,0
MTAyNDEwMTA1MjI4NDM4Nzc4Mzc=,0
MTQxNTAyMTk4Njk2ODQ5OTU5NjU=,0
MjQ4MTg4NjUwMTc3MDU0ODA2MQ==,0
MTMzODMwODA1MDQzNDUzOTE1NjU=,0
MTcxMDI2MDM2ODU3NTMzMTU4ODU=,0
MzI4MTk1Mzk3MTEwNTY1NTg2OQ==,0
MzIwMDYwOTkwNDk1MDc1MjgyOQ==,0
MjU2MDM2NjU1MDA5NDA4Njg2MQ==,0
NzIzMjU3MTk1NTQ5NjExNTYxMw==,0
Mjc0ODI0NjM1NzM1NDE0MDkyNQ==,0
ODU3NzUwMzE3MTI0MzcxNDkyNQ==,0
NjEyNTg5MjMzODE1MDMyODE1Nw==,0
NzE2MjQwNDgzNzEzMzkyMDcwMQ==,0
Njk3NzkzODg3ODAwNzY0NTk5Nw==,0
MTYxMjYyNzE3MTc1Njk5ODI1NzM=,0
NDM1NTYwNzQ5MjU5NDM4NTU4MQ==,0
NjM4MDMzODA5MDg2NzAxNDUwOQ==,0
NjE1NzcyNDM2ODcxMjIzMzMyNQ==,0
MTMxNTQ2OTE4MDMyMjI0MDk3MjU=,0
MTI1MjYyOTU1MDAzNjkxOTQ2OQ==,0
OTQ0MjQwNTk1MjQ0NTMyMzI0NQ==,0
OTU2OTg2OTc5MzEyMzczNjk4OQ==,0
NjYwMzU1MDcxMzU1NjcwNTcz,0
MTY0MDAyNTcxNjQ2NzQ5OTc4ODU=,0
MTA2NjEwMzg2MDExMTE0NDQxODk=,0
Nzg5MDAwNDg2Njg5MjI5OTM1Nw==,0
MTA1OTc0MTY2NjczMjkzMjUzODk=,0
OTcxNjcwNTE2NTMzNDU5MTgx,0
MTc3MjkzODczNjM5NzU2MjE1MzM=,0
MTUxMTI4MTQ2NzQ4NzQwNTIyNTM=,0
MTE1ODAyODk4MzcxOTgxMTg1ODk=,0
NjI5NDA2NDQyNzUwOTA1MjYwNQ==,0
OTQ3OTk1ODMzMDY2MDg2MTg1Mw==,0
MTE2NjA0NTMwMjg0MTUwMDEyNzc=,0
MzAyNTYxMDE4ODc3Njg5NjgxMw==,0
ODY4Nzc3MTMzMzg2MzAwOTE0OQ==,0
MTU5Mjk1ODAyMjI3ODY2MTg4Mjk=,0
ODg5NTE0ODk4NTk5MTU3OTgwNQ==,0
Njk3NDQxOTQwODk2MTQ3ODM5Nw==,0
Nzg4NjEyNTkyODY4Mjk1MzI3Nw==,0
MjA5MTU5ODc2ODgwODI1NDMzMw==,0
NjExNDMzMzg1OTI5NDgxMzM3Mw==,0
OTYyMDQ4Njc3NDg1MDM5MDU4OQ==,0
MTY1NDY1NjkxNzkzNDcxMDg5ODk=,0
Mzc0OTM2OTAxMTA4NzQ3MDUyNQ==,0
MjkwMzMxNzYyOTc5ODY0NjE0MQ==,0
MTUxMDQ0MjUyNjQ0Mzg1MjExNDk=,0
NjA2MzcxMDM1MDkxOTIwMzExNw==,0
MTI1NzYzNTIwNTU0ODM1NDk1ODE=,0
MTE1OTAxNzMwNjk1MTE2NzUwMDU=,0
NTM2MTA5MzQyMzIyMTUyNTUxNw==,0
NzgxMjUwNTUxNjI5ODc3NDU1Nw==,0
ODE3Mzc4NzIzNzMyNzc1NDczMw==,0
MzQwMTIwNDgwMzU0MzQ4NjAxMw==,0
MTQ1NjQ1MTg1Mjk4MDMyMDA4MTM=,0
MjIwNzc3MjA2ODQ3ODYxMzYyOQ==,0
MzE5NDc0MzA0OTMzODc4OTI3Nw==,0
OTc5NzgzMDY0NjQ1MzIxNDk4OQ==,0
MTE5NjI5ODg5NDM3Njc5NjU0NTM=,0
Njk2MTQyOTIyODcwMzIyODU0MQ==,0
OTcwNjczMjk0ODgzNjMyNDMzMw==,0
MzY4Njg2NjkyNjc5ODU5MjY4NQ==,0
MTUwMTQwNTMyMzkyMjcwNzE5MDE=,0
MTA4Njc4NjMxMzI1OTMxMjE0NTM=,0
MTgzMTYxNzIwNTA3MTYwMDg0OTM=,0
MTcyNzcyODI2ODI1NTQxMTYzNjU=,0
MTIzNDcyNjA3MDA4OTA2ODkwMDU=,0
NzI1ODc3MzY2NDMzMDAzODc2NQ==,0
ODc4NjU2MDY2ODUzOTAyMTg1Mw==,0
NDE0NjU3MDk1MzcyMjk4ODM2NQ==,0
MTIxMzI2MDY2ODYyODcxNjMxMzM=,0
MzU1MDcxNjQ2NzA3Mzc3MTcyNQ==,0
MTI1NDc1NzI0MDMyMjg0MDMzMw==,0
NTU5ODU3NTQyNTM3ODk2ODY4NQ==,0
NzYzODMyNTE0NTQzODYzNjczMw==,0
NjY0NzMyNjM4MTAyOTUxNTQ4NQ==,0
OTI2ODM3MzM5NzMyODU2NjI2OQ==,0
NTk4MTU0NTM1ODk1MjIxMzE5Nw==,0
NDk4OTc1NTcwMDg2MzQ3Njc2NQ==,0
MTQwNjkxODI5NzQzNzI3ODMzODk=,0
MTc1MjgzMjI0MjE2MzgzODY3MTc=,0
ODIzMTM5NjU2MzI4ODAzODc5Nw==,0
MTAzNzczNjA4MjUwNDc2NzgwNjE=,0
MjkyMDQ1MzcyNDc1MTI2NjAyOQ==,0
MTc3NTQ5NTY5MjE2MjM3MzAxMDk=,0
MTAwOTI1MzA4OTUxOTkxNjk4MjE=,0
OTMzNTU3MzQ4NjEyOTMzMzA4NQ==,0
MTE3ODY5OTMyNzc4OTg1NjM3NTc=,0
MjgzODQwNDkzNDk2ODA3NzUwMQ==,0
MTc3MDUyNzgxNjgwODIwMjkxNjU=,0
MTQ0Mjg0NTk1NDA5NDAwODEyNQ==,0
NjAzNDIxNTg4NDczMDY2MDEyNQ==,0
MTY3MTgxODkxMzE5ODM5ODA4NDU=,0
Mjc2Mjc0MjczMDc1Nzk1MTM4OQ==,0
MTE3NDY0ODA3NDQyMzc3NDA5MjU=,0
MTIzMzQ5NTAwMTk0MjAzMjg4MTM=,0
NzIzOTY0MzM5ODg5NDYwNzk0OQ==,0
MTAxNTc4MzYwNDMzODQyMDMyNzc=,0
MzA4MDc3MDc2NjIwOTQ5MzYxMw==,0
Mjk4ODM1MzM3NDYwMDgzMjM5Nw==,0
MTU5NjMyMDM5NzQ2MzgzODYyMjE=,0
MTYyMTk2NDMwMDI5MjA2MTkyOTM=,0
MTM3OTI4ODEzNjAxNzYxMDY4NQ==,0
MTMxODgwNTY0ODM1OTMzNTAzOTc=,0
MjI3MDY1NTQ3NzQyNzYwMzQyMQ==,0
ODAzNTAwOTc2ODM2NzA2OTEzMw==,0
NTQ3OTc3Mjk4NjU0ODcxNzU2NQ==,0
MjE1NzMzODk4NDQwMDgyODQ0NQ==,0
MTAzMDExOTY5Njc3MDAyNjc1MzM=,0
MTY3MzIyOTI3NzI4MTg5MjYxNzM=,0
MTEzNTU2NDUxNzkzNDkzMTA5NDE=,0
MTUxOTk1MTM1MDIzMTk4NDc1NDk=,0
MzAxMTA5NzczODA4MDg4NTgwNQ==,0
ODU5MDk3MzU2MTgyOTY1MTM3Mw==,0
MTQxMzI0MDk3MDU2MTAzNjE5MTc=,0
NDkxNjkxNDA4OTkxMjg2ODk0MQ==,0
NDk2Mjk0Nzg5MzMwNjkyNTAwNQ==,0
NjAxNTcyMzc0NTQ1MTk2NTA4NQ==,0
NzEzMTk1ODEzNzA0Njk0NDc3,0
MjU1MTA4NTcwOTQxMDk0ODUyNQ==,0
Njg3OTU2MTMwOTY4MDU2NjQxMw==,0
MTEwNTU3NTUwOTkzNjgzMTA4OTM=,0
Mzg2MTE4MzAyMjM0NTQxNjQ0NQ==,0
NTQxMjU4ODIyMzQzNzc5NDEyNQ==,0
MTQwNjcwMDMxOTQyNzIzNTE5MDE=,0
NDA3NDUwNjI3MDY3ODgwNDI5,0
ODk0MTc0MTgyNDk2MTI2ODY4NQ==,0
MTQzOTY1NjM1OTMwNTU4MzAzNDk=,0
NDc1MTA4NTMzMzY1OTQ4MzU2NQ==,0
MTMyNDY5NzM2MTAyMTUwODk5OTc=,0
NDg0MDU3Nzg4MTg1NzY4NzcyNQ==,0
Mzg1NzY5NTQzOTUxNTYzMDQ3Nw==,0
NjM3NDYxMzU1MDc5NTkwMDM0OQ==,0
NTQxODI0NDY2MjgyNjE5NTQwNQ==,0
MTcxNDAyNDI5MjA0NzM0NDM1NDk=,0
OTcxODYwNzY3MjE1MDgxOTgyMQ==,0
MTE4OTE2MTY4MjU5NjM2NDk1MzM=,0
NzY5MDk5MzE5NTg3NDY5MzAwNQ==,0
MTc2MjUyMjA0NjA3ODc3MTAzMDE=,0
MTc4NjE5MTE0MzQ2ODMwODE5MzM=,0
MzQ5MTk0MzUxNDI0Mzg0MTI0NQ==,0
MTIxNzAxOTUwMDMxODMzNjcwNjk=,0
MTkzODY0NDg4NDM5NzU2MjgxMw==,0
MTYwODg5OTYzMDAxNDg0NDI2OQ==,0
MTEzMTMyNTM3OTA0NTk2MTUxNw==,0
NDkyMTY1MjIyNTU2NDk5NDkwOQ==,0
MTU4NDEyOTUyMDgxMTcxMjYxNTc=,0
MTAxODUwNzM5MDI2MTk1Mjc0ODU=,0
MTczMjYxODMxODc1NDM5MTExMTc=,0
ODg1Mjk0NTE5NDk4MzYzODMzMw==,0
MTUzNDA2OTg5MDQzNjIwNDY0OTM=,0
MTczNjAxNTU2MjI5MzYxNTcwNjk=,0
NDQxMTA4OTgxMjcyNzkxMjM5Nw==,0
MTgyMTI1NjU1NTc2MzE3OTI0NQ==,0
NzczNjU3NDY4NTc1Nzc0NjU0MQ==,0
Mjc5MDcxODcwNDI0NjU0NTMwOQ==,0
MTM1ODgyMDIzMDExODgyNTM1NjU=,0
MTU2MTEwNDg5NTM5NzYxODcyMTM=,0
MzA1ODEzMjkyMDY4Nzg5OTUwMQ==,0
MTM2OTY1NjI3NDQ1NTk1ODUyMTM=,0
MTQwNzIwMDIwMDE2MzE2OTI0NQ==,0
MTU1OTEyODUxNjU1OTA5NDU3MjU=,0
NjQ5NTA2MTE4MTA2NTk3OTE3,0
MTU0MDcxMzg0MDc1NTIxNTgwMTM=,0
MzI4OTg0NDIwNjAwMjcwNzM1Nw==,0
NDQ0MTM5Njc0ODk5NDA1OTIxMw==,0
MTEyMDA5NjgwMTIzOTUwOTAxODk=,0
MzI1ODQyMzMyMzQ1MDY0MzQ5,0
MjgxMTY3MjIzNDg5Mjc0MTc1Nw==,0
MTQwNTUwMjI4NDY5NDU4NzY0Mjk=,0
NDkzMDg0OTE2MTk5OTM2NTM1Nw==,0
NzkxMjI5MDU5MzIxMDk4NzAzNw==,0
MTAxODYwMjIwOTQ1ODYwMjU3Mw==,0
MTYyNDAyNDYxMzA3OTUyNzEzNzM=,0
MTUxMDYzOTU4NjQyODI3NDAzNDk=,0
MTcxNDc2OTIyNTE5NDQ5NTM3ODk=,0
MTM3NzI0Njc1OTk4NTc0NTQ0MTM=,0
NDQxODgxMjU3MzU4ODE1MTEzMw==,0
MTI5MTA3OTQyMjA1NTU3NTE4NTM=,0
MTc3NDkyODA1NTU1NzYxMjk4ODU=,0
NDUwMzAzOTQyODMyODIwMDcwMQ==,0
OTg0NjgxODc3MTI3NTI2Mzc0MQ==,0
NjIzOTAwNjE3NzY0NTI1MTM0MQ==,0
MzMwMTU0MDY3MjAyMzM0MzY3Nw==,0
MTgyMTQ0OTcyNjAyMzczMjM4MQ==,0
NDI2Mzc1NTUyNzYyNTQyNzcyNQ==,0
MTE3NTgzNDU5MTY5ODg3MDg0Mjk=,0
MTI2Mjk0MTgyNjgxMDgzNjM5MDE=,0
MTY5MjQ2ODk5MTkxNzE1NTA5MjU=,0
MTUwMjM5NzM5MjY0OTk3NjI3OTc=,0
MzQ2MjI1MDM3NzQ5MTQyNTgyMQ==,0
NTUwNDU0NzU5NzExNzU5ODM2NQ==,0
MTUzNzIzNjUxMTQxNjM5NTE5NjU=,0
NDIzNjE4MTk3NTIyMTU2ODc4MQ==,0
MjM4NjQzMTA5NjA3ODEwODQ2MQ==,0
ODc4Nzc1MzIyODI4MjY1NzQwNQ==,0
MTkyMDIzMjQ2MTI1MTM0NDgyOQ==,0
MTc3Mjc0ODk0NzAwOTEwMTc3ODk=,0
NzQwNDc3MjU4OTc0NzUxMjM2NQ==,0
Mjc3MjQ3NDY0MzQ3OTg5ODc0OQ==,0
MTEwMTQ1MDQ5MjczODIxNDIzNjU=,0
MTY0NzE1MjY5NjAzNDYzMDM5OTc=,0
MTE3NDMxNjQ4MjM2ODQ3OTQzNDk=,0
MTE5NzI0OTgyNTkxMzYxNTM4OQ==,0
MTcyNTA0NTYzMjAxODQxNzc1MDE=,0
MTI3MDg1NzE3NjMzMDE1MjI1NDE=,0
MTU0NzI2NzExNTM3NDM1NTI4MTM=,0
Nzg4MDE4NzMyODM1NjM5NTM1Nw==,0
MTI5NTY2MzgyODU5ODM3NzAwMTM=,0
OTM5MTc0NjU3MjY4OTU5MzQwNQ==,0
MTQ2Mzc0MTg5ODAxNzcyOTI3Nw==,0
MTIxNTk2NjYyODcwMTY0NzQxMjU=,0
MTA4Nzg3NzUzNzM5MzExNzE5ODE=,0
MzYyMjMwMzM5ODk0ODM5MjUwOQ==,0
Mzc4MzcyOTA5MjU1ODcxNzgzNw==,0
MzQwNzQyNDI2MTQ3NTI3NjEwOQ==,0
MTYxNzcwODAwMTQ0MDc3OTU4NTM=,0
NDQzMDE0NzU3OTU1NjEzNzAyMQ==,0
MTEyOTE4MDM0MDkxNzg3NTk0NTM=,0
MTk1NjU2NjM3MjcyODU3NDI2OQ==,0
ODY5MTk2MDEzMDk2NTgzNjY1Mw==,0
OTE4ODA2OTYwNzIyNDEzNTgx,0
NjY4ODA1MTE5MTMwODEyMzYxMw==,0
NDc4OTA5MjAxMTk3NDIwMTU0OQ==,0
MzE5OTc4NDY1MDg4MDQ2OTc0MQ==,0
MTIxNjM0ODI2MjI1NzkyNzY0MTM=,0
MTcyMzAzMTY3NjkzODY1NjI3NjU=,0
MTE4MDk5MTk2Nzk1ODExOTA0Mjk=,0
MTIwNTM5NDkwNjY5MTEzNDM1NjU=,0
MzcwNjQ0NTM4Mzc3MTkxNjU4OQ==,0
MTE4MzM2MDc5NjcwNTk0Mzc2Mjk=,0
MTI0NjcxODg0MTc4MDIzODI1NDE=,0
MTQ1MDMwODk2MzkyMDY2MTc4Mzc=,0
MzM3ODg1MjEyODczOTE4OTI1,0
MTIzOTA5MTk1MDU3NzY0OTAzNw==,0
MTI1OTY4MzE5MTUwMTUzMTg4NQ==,0
MTQxOTE0NjE1ODcwMTY3NDY0NjE=,0
NjA5ODY0NTY4MjEwNTQ4NzAyMQ==,0
MTMxODcwNjI4MDA3MjE2MTQ5MDk=,0
MTQ1MjMyNDg0Mjk1MjQ0MTQwNQ==,0
ODAzNTI2ODE1NDQ2NDAxOTY2MQ==,0
MTA5OTQ5MTIxMTE0Nzk0NDU4Mzc=,0
MTE5ODYwNDk2OTA3Nzk0NzY1ODk=,0
MTU3ODYyMjE0OTc5MTgxNzQ2Njk=,0
MjkxNDUwNTI5Njg0NDU2MjkwOQ==,0
MTE5OTcyMjg5MDY0NTczMTA0Mjk=,0
MTgwMDc2NjMzODQwMDkyNzQxNTc=,0
NDQ3OTE1NDMyNDM2MzY5ODY1Mw==,0
MTgwMTU3MzAyOTM3OTM0NjkzNzM=,0
MjM4NTA5MzMzNDg4MTk4MDk4OQ==,0
MjE4NDkzMjk0Njc5MDUyODk0MQ==,0
MTUzOTI4MjI2MTg1NzUzMTE0OQ==,0
MTQ2NjQzMDk5MjkyOTYxMDA4NDU=,0
MTU3Mjk1Nzg0MzkxOTQ0NDQ0Nzc=,0
MzMxODczMDUwNzY1OTcyMzQ2OQ==,0
MTUxNjg0ODg1ODc1MjMwOTExNw==,0
MzI4MzAyNzE2NDgwODQzNjQyOQ==,0
NDcwMTg1MDE2NTI0NjMwMzk0OQ==,0
NjU3NDg1NTk5MDE4ODUzOTUwMQ==,0
MTgxMjA1NDk0ODQyMDg4MTcyMTM=,0
NDkzODQ2NTIwNTA0NDA1NTIxMw==,0
MTQyNDMwOTYwOTU5NjUzOTAxMjU=,0
ODk0OTI0NjgxNjQwODEwOTE5Nw==,0
MTA5NTMzNjU3NjE2MzYxMDY0NjE=,0
MTY4NzkxNjg5NzA0MjQ5MTkzNTc=,0
MTQ1ODcwMjQ5MTY5NzI5MTUxMDE=,0
MTExOTQzNjczMDEzNDYxNzY1NzM=,0
MTExNzY1MzUyMTY1Njg4NjUxNjU=,0
MTEwMTI2ODIxNDU0MDM3NDc4NTM=,0
NTI1NTc2MDYyMTA0MDc1NDQ3Nw==,0
NzczMTg1MTg3MDM0MDc3MjE3Mw==,0
MTEwNjYxNjcxOTg0ODUxNDI4Mjk=,0
MTkxNTQxNzgzOTc1NjU2MTk0OQ==,0
MTUwNTM2MTU3MzE0OTI5Njc0ODU=,0
NDY1NzQ4ODM3MjczNzg4NTMwOQ==,0
MTA4MDg1ODQwNjA0MTMwNDIzNDk=,0
ODY3NzQ3NzI5NDI5NTc2ODY2OQ==,0
MTczNTgzNDU4OTg2MzI1ODc4Njk=,0
OTYyMTgyNjg3NDQ0NzE4OTEzMw==,0
NDMyMDMwMTY5NTAzNzY3ODg0NQ==,0
NTk4NzA2MDk5MDU1NTM5ODg0NQ==,0
NDgwNDg5ODQ1NjAwOTE2ODIzNw==,0
MTM0NzQ2NjQ5NDMxNjI0MjUzNzM=,0
MTU0MTY2ODQ3NjI0MzE1MDkyNQ==,0
MTcxNDQ1MjEwNTQ3Nzc0MTMzODk=,0
MTUxMzIxMzg0NTI3ODgwMTgyMzc=,0
MTEyMjcxNTI3NDY3NTAzNjI3OTc=,0
MjE0ODAwMDgzMTcyMzY2Nzc0MQ==,0
MTE4NTk2MjYyNjAzNTY5Nzc1OTc=,0
MTczMDY5MzYzNzM0MjQ0ODE3MDk=,0
ODQwNTUwODAxMDA4MDgwMDg5Mw==,0
MTI0OTYwMzg1NzQzNDQ3MDU2OTM=,0
MjM4NDYxNzI0NDQ5NzQ4MTUzMw==,0
NjY3OTgyNTc0NDM5ODc1NTU0OQ==,0
MTQyMjc1MzA3MjU4MjcxNjg5NzM=,0
MTE5MDY1MjI1NjQxMjk5MTA1MDk=,0
MzM0NjAwNDk5NDE3MjQ5ODEyNQ==,0
MjM2MjQzNzU1Mzc3Mjk2NDE0MQ==,0
OTQ0MzUzNTQyNzMwMjI1NjY4NQ==,0
MzY0NDQxODk3NzE4MjE0NjYyMQ==,0
Mjg2NjcxOTI4MzI1MjU1NjY2OQ==,0
MTA5NjY2MjgzNDM4MzQ1OTk5NjU=,0
NTY5NDU2NDc4MjAwMDkxODUyNQ==,0
Njc3ODYwNDI5MjQ1ODA1ODM0OQ==,0
ODg1Njg4ODQ1NTEzNzM5NjcwMQ==,0
MTEwNjk3NTI3MDg4MzQ4Mzc1NDk=,0
MTgzNDA3OTU4ODg5MTcwNjQzMDE=,0
NzY5NjUwNzY1OTczMjA0ODgxMw==,0
ODEwNzQwODgyNzA4MjI1OTIyOQ==,0
NzY2MDQzMTAzMTk1MTg0MjM0OQ==,0
NTE3NDA5Njg2NjMzNzk3NTY2MQ==,0
OTQ4Njk4NjA2NzI1OTU0NzAyMQ==,0
MzQyODQzNTI5MjE0OTQ4ODkz,0
NjI3MjM0Nzc2NzM1MDg5NjM5Nw==,0
NzE2MDg5NDcyNzMxMjQ4ODE0MQ==,0
MTcxNDcyNDg4MDU3NDYyNTI5NzM=,0
MTY2Nzg1MzA1NzA0NDI5NTk1OTc=,0
MTE2ODg5NDI1MjA0MjA1OTAx,0
MTEzMTU2NjU1NjE2MzIyMjI2MjE=,0
Mjg1ODEzNTM5ODA3MjMxMzQ2OQ==,0
MTM1MTUwMjMyNzY1NDQxMTY3NDk=,0
MTQ1MTg3MTkxMTQ3MzQ4ODA3Nw==,0
ODM1MDQzODI4MDcwODY0MjA3Nw==,0
MTI4NTYzNjMxNjkxMzM3MDExMDE=,0
MTQ1OTk4OTk3ODQ2NTQ5OTg3ODE=,0
MTI5ODY2OTIyNzExMjkwODQ2MjE=,0
MzIyODU3NzI4OTA2NjI1NjA0NQ==,0
MTQ3Mzk2ODE2NjAxMjc3Mzk0MjE=,0
MTQ5MDMzMDA1MzM2MzQ2NzIyODU=,0
MzE0MDgyNjAyMTE5OTQzODE3Mw==,0
MTAyNDc2NDU1MjY4NzE2MDEyMjk=,0
NDQzNDM4MjI3NjQyMjI0MjAyOQ==,0
MTQyOTgwNjA0NzgyMjA1NTM0MDU=,0
NDY0NTQ1NzEwNzQ1NzM3NDA0NQ==,0
MTIyMzkzMTgxNDUxMjc4NTY2MQ==,0
NzYyODM2ODUxOTU1MDI0MzY0NQ==,0
MTY3MTA4OTc3MTc0MTc1MDg3ODE=,0
MTAwNDM5OTIwNTg4MzQ5NDU5MzM=,0
MTQwODMwOTIyMDg5NTg5Nzk2NDU=,0
MTgyMzcwNzY4MjY2MDU5MzIzNDk=,0
MTczOTE4NzYyNTg3MzAzMzAxODk=,0
MTE0NTQzNzU0ODA0NjE5NTczMjU=,0
Njc0NDA5NTg0MzU3NTYxNjA0NQ==,0
MTI3Mzg5NTU0NTQ2NjU2NzEwMQ==,0
NTQxMzI1Nzk2NDI4NDcwOTkzMw==,0
MTA2NTAwNDI1OTIzOTUwMzUyMTM=,0
MTM4NDU2NTMzNTk1OTM0NzUxMDE=,0
OTc3OTc1NzY5ODMwMjczMjQ5Mw==,0
MTM4ODI4NjI5NjUxNTc5NjQxMDk=,0
MzcxNDg1Mzk1MjQyNjIzMzU3,0
MTQ3OTY0NjcwMzY0OTM2MzI1NDE=,0
MTAyNjk4MTI5MTY4NDAwNjgzOTc=,0
ODIyODk3MzIzODMzMTY0ODM5Nw==,0
MTE4NDA0MzYwMDQ0NzMyMDI4OTM=,0
MTQwOTg5NTc4Nzk3NjYwMzQ1Mw==,0
MTA0NDQ4OTU1NzgzNDk3NjA3NDk=,0
NTE1Nzg1NjQ2MjQ3NTM1OTcwOQ==,0
MTcwMjQ3MTczMDM5MDA3NTM5MDE=,0
MjA5NDg5MTk0NTI3Mzg0MTYyOQ==,0
MTEyNjcyMzQ3NTUxNTk1MDIxNTc=,0
NDA0NDIzNTg5OTgyNzgxOTk5Nw==,0
NDAxNjM3NzIzMjA2NTYwMDcxNw==,0
NDM3MTIwMTI2ODU2MTQyNjM3,0
NjcwODc0MDg0MjA1NzM0NDcwMQ==,0
MTE1MTMwNzUzODUxMTAxMjk5MzM=,0
NTkxNjIzNDc4MTE2Mzk1NTY5Mw==,0
MTQ5MDE3MTEzMjgwMDc5ODIzMzM=,0
MTQwMTUwNjc0MTY4MTE4ODQ0Mjk=,0
MjMzOTc2ODAyODU2NTMxNDM5Nw==,0
NjU3MjQxNjEwMjQ4ODkxMTk2NQ==,0
MzUyNzc3NDA1NjQ4Mzc4NDM5Nw==,0
MTY5Njk1MTQ0MDAwOTEyODUwMzc=,0
MTI2MDk0NTQ3NzcyNTE5NjM3MjU=,0
NDM3ODUxNDkyMjU0ODI3NzQ2OQ==,0
NjgyODI4NDQ4ODQxMTMwNzE0OQ==,0
ODU3Nzc4NzQ2MTE5NTczMjY2OQ==,0
MTQxMDU0NzkwODk4NTc3ODIyNjk=,0
NjEwMTI4MzIwNTMyMDI2NTUzMw==,0
MzA4NDk5NTkxMjQ5MzE5NDc5Nw==,0
OTQ2MDk5MzEzMTMxNDgwODI4NQ==,0
OTQxMDkwODMxMjczMTk1NDEwOQ==,0
MTMzMzMyNDk3MjgzNjkxNjYwNQ==,0
NDg2NzQ5MTI0NjEyNTQ4NTgyMQ==,0
MzQ3NjIzOTUzNDQ5OTM1MDU3Mw==,0
MTY2NzIxNDg1MjYwNzU2NjI2NTM=,0
NDc5ODAyNDQ0NzEyOTYyNTgwNQ==,0
ODgzNTMzODIzNTA0MDk4MTU4MQ==,0
MTk2NjczNDQ1MTAyODEwMTc3Mw==,0
NTY4MDE5OTE4MjYyODM2MDk3Mw==,0
OTE5ODcwNDA4MDU3NDU5MzM3Mw==,0
OTc0NjU2NTAyNTY2ODcxMDg0NQ==,0
MTg2NTk1MjU5Nzg4NTYwMDYzNw==,0
MzcwOTY5NzA1MTgxNzkwMDIzNw==,0
ODEzOTA5NDI3MDIyODUwMzgx,0
MTM4NjE3NDY5MTIxMzI2ODc2NDU=,0
MTA1NTQ5MTc1ODkyMjUwMjE1MzM=,0
MTMwMzU1MDg0NTM1NjQ0NDkxODE=,0
Njc3OTU4MTc1Njg4MjY5MjQ2MQ==,0
NDAwODg0OTYzMzQwNTkzNjg5Mw==,0
Mjk5MTQzNjQwODYyNTY5MzA2OQ==,0
MTgzODgxMTYzMjcwMzI4MDg5ODk=,0
MTA3NzUyMjc4Mjc4NjMwNjIx,0
MTM0Mzk3OTU4NTY0NDE5NzczMDk=,0
OTAzNTY3MjU1MjI0MzQ5NTc1Nw==,0
MTY2NzU0NTQ5NjAyNTk3ODg0NjE=,0
ODg0NzMxMjM5NzgwODUzNjYzNw==,0
MTc1NzY4NDkyMjkyNzY2NzE2NQ==,0
MTU4MjQ4NDEzNjEwMDQyNjMxOTc=,0
MTc0MzE5MjEzNjgxNjM4MTA1MjU=,0
MTc5NjI2MTA2MTY0MjEzNDgwNzc=,0
OTAyNTg0NzcyOTg4NjE0MzA4NQ==,0
MTM4MjQ0MDI4MjQ1NjgxMTkyNjE=,0
MTc0Mzk2OTgyNzkzNDgxNjg5NDE=,0
MTc4ODkyNTA3MjUyNDcwMzEzMw==,0
MTcyMjA0ODUyNzkxNTgzNTIwOTM=,0
NDkyMjE5MzUyOTc3MjQ2MzAyMQ==,0
ODI2ODMyMzUyMjMzNzM1MzAwNQ==,0
MjgzODkyNDE4MTU0Nzk0MDM0OQ==,0
MTY3MjM1MTI2OTI0NTcwNDgwNDU=,0
NDg4MjgzMzk2NzkxNDQyNzk5Nw==,0
NzU3MTI4MzA0MjE2ODg5MjYyMQ==,0
MTU3NDg2MDE5ODAyODU5MjQzNjU=,0
MTY5ODg2NDkxMzE3ODc5MjI5NzM=,0
MTY3NDM4Njg3MDcxNzkyNjU5NDk=,0
MTY0NDI5MDE4NjEyNjg2Njg2Mzc=,0
MTQ0MzEyOTEzMjMzMzcyNjc4Mzc=,0
NDk2ODM4ODM0NDU2MjQ2Mjg3Nw==,0
NjE1ODM4OTcwOTU3OTQ0ODI2OQ==,0
MTc4ODU3MzI2OTg4MDkxMzY2MDU=,0
NTMzMjk5NzYwMDM2OTM5NTk4MQ==,0
MTU4NDk3NDE1MTkwMTg4NzUwNTM=,0
MTM1MjE5MDYwMTI2Mzc5NjIwNQ==,0
MTc5MzkwNzg1NDQ2MTQ2MTg2OQ==,0
Njg4NTIxMTk3NjE3ODM4MTUxNw==,0
MjY4NjcyOTkxNjI3MDY0NjEwOQ==,0
ODk4NTE1NjMxNDQ0MTQ3MTUwMQ==,0
MTIxNDg5ODk0MDk4NjgxNTU2NDU=,0
MTIxMzE1NDYzNDUwODc2NjcxNjU=,0
MTU5MzM1NjU0MDMwMjYwNjU5OTc=,0
MTM2Mzk1MDk3MDcyNzA0NTk1OTc=,0
NTk1ODQyODU0MDM4MDg0Mzc1Nw==,0
MTA4OTEzMjg5NzgwMDcwNTYyNTM=,0
MTAxNDI1NzUxNjY2MDU0MTA4NDU=,0
NTMxOTMyMjM1ODAwNzc3MzQzNw==,0
OTQ3NjkwNzA0ODEyOTUyMzUxNw==,0
MzI0MjgwNDA4NjUxODk0ODYx,0
MTkxMDE0OTMyMDA5Nzc1MTE0OQ==,0
NTIxNjc1MTgxMzc0MTM3ODA1,0
MTExNzk2NzY3OTQzNDE3NjE0ODU=,0
OTQyMzMzOTUzMTA5NDk3MzIxMw==,0
MTE1MzU3MDM1MjkwNTQ4OTExNw==,0
ODcwMDk0MzQ4Mzk2MjA1MjQ3Nw==,0
MTI4NDQxMDM4MjM1NDE0OTQ4MTM=,0
MTQ0Njk2NzU2MTkyNzg3NzA3NjU=,0
ODY1MzcwNDk1OTIxMzkxMDk4OQ==,0
MTQxMjk0MTI1MDY5MzQ5OTQxMjU=,0
NTI1ODQ3MTQ2NTEwODM3OTgyMQ==,0
NDIzNzk4NzY0OTE0MTMyNzk0OQ==,0
ODI2MzkyNzYwNjYzNDgzOTU4MQ==,0
NTIxNzYwMDI4MzU3NjExODk4OQ==,0
MjI3ODQxNjk5NTU4Mzc4ODUyNQ==,0
NzkwNDg3MzgzNzcwODIwOTgyMQ==,0
ODk2MDk1Njk1ODEwNDkyMzI5Mw==,0
MzgzMjYyOTUxMTc0ODQ2MDQ1,0
MjgxMTA4NjA1NjI1NjgzNTQ4NQ==,0
MTM3NjM5NjM0NzUxOTUyMzA1Mw==,0
MjM4Nzk2MDc5MDM0NDk4MzkxNw==,0
NzQyNDkxMTk4NzM2OTIyMzE3,0
MTQ5NTEwNzExMzkwMjIwOTQwNQ==,0
MTQyNzAzMDQ5NTQ5MDg1NzQwMTM=,0
MTAxMDA5MTcyODA4NjI0MTgyMzc=,0
MTEzNDg3ODAzNzg3MzE1NjA1NDE=,0
MjgyMjIwNTc2MjY0NDYzODk1Nw==,0
NjU0NzQ1OTgxNzkyMzY0OTI1,0
MTU2MTcwMTU5MzY3MDQ2OTA2MjE=,0
NjIzNTU2NzExMjE5MzcxNjE1Nw==,0
MTEzNTc5NDgxNzQ3Mjk3OTE4NTM=,0
MTAyOTUwMDgzNjMwMTYzODkwMDU=,0
MTMzNjM4MDY1NDczNjY4NjA3MzM=,0
ODUyNDY3NDc5OTE0MDkyMDk3Mw==,0
MTE2OTgxODg0NzM0OTQwMDYwNjE=,0
OTE1OTc0MzQxNTEwOTkzMTAx,0
NzI1OTAxOTYwODY0NjEyNDQ0NQ==,0
MTgwNTQ0NTQxOTk1MjA3NTc1NDk=,0
MjUxODE5NTk1MTkzMDA4MTY5Mw==,0
MTE5ODM4NTg5MTAyNDQ0MTI5MDk=,0
MTI2MzA4MzI1ODIzNzAyNzMzNTc=,0
MTI3MDI4NzA5MzU5NTcxOTE4ODU=,0
MTQ1MDAyNzE1MjMzNzIwMDI1MjU=,0
MTM5ODc5NTM0NjM2ODY2ODk2Nzc=,0
MTM0NDkzODIwMTcwOTI0MzMyNjE=,0
ODU3NTUxMDkyMjIwMDA1ODQyOQ==,0
OTIwMzE1Mzk0MTI0NzI3MzAyMQ==,0
NDk5MDMwNzQ1Mjc1MTcyNDUyNQ==,0
MjY4NDEwMDU3MzkxNTAzMTQ4NQ==,0
MTM2MjI4MDgwNTUzMjM0OTc1MzM=,0
MTY0MjkyMzE0MjYzMTQ0NTc1MTc=,0
NDIwNzQwMDk1MjM5OTQ3MDIzNw==,0
NDQ2Nzg5MjMwMTQyODU0MjQ5Mw==,0
MTc4Njc5MDI0NjU5MDM0Nzg2MjE=,0
MTcwNjY2MTA3NTkxNDEyMzYyMzc=,0
ODE2MTM0NTcxNjY3NTE0MzI3Nw==,0
MTgzMTYwMzkyMTA3NDMzOTg1Mw==,0
MTA4MTE4ODU4MjUxNzM3NTE0NTM=,0
OTA5NDMzMDc0MjAzMTg4MzM1Nw==,0
OTU1NjAxMjU4MjA1NzkzNjg0NQ==,0
MzMzNjYzNjM3ODc3MzcyNDkz,0
NTExMjk2NTUzNTAxOTk0NDcxNw==,0
NjAyMjk2ODA4NzE0NDcxOTI0NQ==,0
OTUyOTc1NDE4MTM0NzU2NDQ2MQ==,0
Mzk1MzA4Nzk2ODgyNzE4NjMxNw==,0
MjQyMDAzNjQ5ODQ2NjEyNjM2NQ==,0
NDA3MDgwOTMxMDA3ODY4MjM2NQ==,0
NTc5OTA4Njc2Mzk2NDY2ODAxMw==,0
MTgxNDI4ODU5OTY5NDYyODc3MjU=,0
ODc2Njk5MDU5Njc5MDc5MzQ2OQ==,0
MTI5OTE2NzM4ODAwNTgxNjA3ODE=,0
MzA5OTUwMjY1NjQ0MTA1NDM3,0
MTgxOTIxNTg4MjMzODAyNDYwMjk=,0
NjQ3ODUwMjg5OTI3MjQ3MTA1Mw==,0
NTcyNzk4NTYwNzc0NjA3NDc2NQ==,0
MTczMzY2NjY0ODE3NjMxMjU1ODE=,0
MjMwMDMyNjM0NTgzNDA2ODgyOQ==,0
MTQyMDM0NDgzMjg1NTkzMzQ1MjU=,0
MTc1MTAxNzk0NTAyMjUyMjIxODk=,0
MTE0MTUzMjMyMzE2NTQ0MzkyOTM=,0
MTgwMTYxMjAwMDEzMDY5MzY2ODU=,0
MTU4NDc3NzIyMjc5MzkyMjcyOTM=,0
MjcyMzg1ODcwNTM5NTg1ODE4OQ==,0
OTYzNjkwNDI2ODQwNTc5NjYzNw==,0
NzY4NTU4NTI0ODc5NTA5MTcyNQ==,0
MTE5NzM4NDkyODIxMzY0OTM0MQ==,0
MTU2MzU5MDMzNTYyNTI5OTkzMw==,0
MTY3ODY2Mjc1NDU1NzQ5ODUxNjU=,0
Njc0MTAzNDA0NDkzNjYyNDQ0NQ==,0
MTA1ODkwMDcyNTg2MzQ4MTc0MDU=,0
NDQxMjU1MDEwMDYxNTY2NTA2OQ==,0
NzQ0NzUxMDA1NDc1NDQ1OTA1Mw==,0
NDMzNjMxMDU4MTg3OTczNTU0OQ==,0
MTU0NjcwMjUyOTg4OTc5NTE2Mjk=,0
MTY2MTkzNTU2ODA5MjY1NzI3MTc=,0
MTQwMDMzMDUwNDg0NDI3NjMzMjU=,0
ODM4NjQ5NTMyMjk3Mzg4OTgwNQ==,0
MjM2OTUzMjAxNjA1ODc0NDI2OQ==,0
MzIyMTA5NTcyODE2MjI2MTc1Nw==,0
OTMxNTk0OTEzMDQ2MDMyMTMwOQ==,0
MTcxMzgwNzk5MDYyNjgxOTI0MTM=,0
MTQ2MDc4Mzk4MzgyMTIxMDgyMDU=,0
NjU3NDM2NDg1MjE2MDY3MTYxMw==,0
NTEwNTk3Mjc3NDY5NzI0NDM5Nw==,0
MTQ4Mzg1OTk5Nzk5MDIwOTM4Mzc=,0
MTI4OTI2NjMxMzQwMTUwODcwNTM=,0
MTc0NDQ0Njc4MjY0MjExMTY2ODU=,0
NDUyMDY5MTE5MzEyOTQ1NDE4OQ==,0
NzA5NTM2MjUyODQ5Nzg2MjQ5Mw==,0
MTU3OTY5NTIyNTA2MDExMTI2MDU=,0
MTQ2OTYwMzgxMjY3OTY0NTYzOTc=,0
ODI2NDQwNTc1NjM4NTg3NDM2NQ==,0
ODE3NTA3NDM1MzIyNDM4NzUzMw==,0
MTczMzEyNTE1OTQyMjA5MDkzMDk=,0
Mjc0OTQ1MzQxMTg2NTc2NjQ3Nw==,0
MzgzNzE1NDcyMTM0ODU1NDA1,0
MTU4NjEwMDM2MTUxNzEzNjI4NQ==,0
NzMzMzYzNzE0MzcwNDM2NjMwMQ==,0
MTIxOTk5Nzk3NDA1OTQ3MzI5NzM=,0
MTE0MzczODQ1MjI4Mzg0MjY5NzM=,0
MTI3MTkxMTkxMDU3NDMzMjA2MjE=,0
MTA1Njg2OTYxMzQyMDE5OTUwMQ==,0
MjI2ODQ3NzQ4MTkwMjMzMDU1Nw==,0
OTA2OTE4MDE3MDI4MTc1ODc5Nw==,0
MTM4NDA3NzYwNjcwNzk5NDgyODU=,0
MTI0NDQyMDQ3Nzc4NzEwMzk4MjE=,0
Mjc0NDYxNDk0Mjg3NzEyODUwOQ==,0
MTY2NDA4MDM3ODUxODU0NTYyODU=,0
NjM2OTY4NzMzNjEyMjUwOTg5,0
MTA2MDAzODczNDMxMTg0MTE5OTc=,0
NzU0MTE3NTUyOTE0ODk3NzkwMQ==,0
MTAxNTIyOTc1OTgzMzU3NjUxNDk=,0
ODcwNTM0NzIzNDEzNjM3Mzk5Nw==,0
NDMyMTMzNDIwMzU2NTEzNDQ3Nw==,0
MTk1ODYxNDY5NDU0MDA0OTc3Mw==,0
MTM5NDEwNTgzOTkxODYwNzM5MTc=,0
MjYzMTc4MjA5NzgzNjg4NDg5Mw==,0
MjEzNzUzOTQ1NzI2OTc5MzIyOQ==,0
NjEwMzk4MDAzMzQ5MjMyNzE2NQ==,0
MTQ2NDU5NDI4NjM4MTg5MzY4Nzc=,0
MTM0OTY0NTQ3MjQxNTkwODY2MDU=,0
MTMwMzE0MzM3MzQwNTYyNTA1NDE=,0
MTc3OTc5NjM5MDgwMjE1NDYzOTc=,0
ODUyMzQwNDU4NDg2MjY0NTMyNQ==,0
MTg0MjU5ODcwMTI0MjkzMDA2MjE=,0
MTA5MTg5MTI0Mjc0NDU0NDY3ODE=,0
MTgzODA5ODc2NDU1MDkxOTM4ODU=,0
NzA4MTU3NDkyMzYwMzM2NzA2OQ==,0
MjM5NzA0NzA4Nzc5MTUxNDcxNw==,0
MzI3ODYwNTEzMzU4NDU2NTExNw==,0
